Log file open, 09/27/26 21:48:39
LogConfig: Display: Loading IOS ini files took 0.02 seconds
LogConfig: Display: Loading Android ini files took 0.02 seconds
LogConfig: Display: Loading VulkanPC ini files took 0.02 seconds
LogConfig: Display: Loading Mac ini files took 0.02 seconds
LogConfig: Display: Loading Unix ini files took 0.03 seconds
LogConfig: Display: Loading Windows ini files took 0.03 seconds
LogConfig: Display: Loading TVOS ini files took 0.03 seconds
LogConfig: Display: Loading Linux ini files took 0.03 seconds
LogConfig: Display: Loading LinuxArm64 ini files took 0.03 seconds
LogPluginManager: Mounting Engine plugin BlockoutToolsPlugin
LogPluginManager: Mounting Engine plugin Bridge
LogPluginManager: Mounting Engine plugin EnhancedInput
LogPluginManager: Found config from plugin[EnhancedInput] Input
LogPluginManager: Mounting Engine plugin FastBuildController
LogPluginManager: Mounting Engine plugin MeshPainting
LogPluginManager: Mounting Engine plugin TraceUtilities
LogPluginManager: Mounting Engine plugin XGEController
LogPluginManager: Mounting Engine plugin Fab
LogPluginManager: Mounting Engine plugin CameraShakePreviewer
LogPluginManager: Mounting Engine plugin Paper2D
LogPluginManager: Mounting Engine plugin GameplayCameras
LogPluginManager: Mounting Engine plugin AISupport
LogPluginManager: Mounting Engine plugin AndroidFileServer
LogPluginManager: Mounting Engine plugin AndroidPermission
LogPluginManager: Mounting Engine plugin AndroidMoviePlayer
LogPluginManager: Mounting Engine plugin AssetTags
LogPluginManager: Mounting Engine plugin AndroidDeviceProfileSelector
LogPluginManager: Mounting Engine plugin AudioSynesthesia
LogPluginManager: Mounting Engine plugin AppleMoviePlayer
LogPluginManager: Mounting Engine plugin AudioWidgets
LogPluginManager: Mounting Engine plugin CableComponent
LogPluginManager: Mounting Engine plugin EnvironmentQueryEditor
LogPluginManager: Mounting Engine plugin ChunkDownloader
LogPluginManager: Mounting Engine plugin ExampleDeviceProfileSelector
LogPluginManager: Mounting Engine plugin AppleImageUtils
LogPluginManager: Mounting Engine plugin GooglePAD
LogPluginManager: Mounting Engine plugin GoogleCloudMessaging
LogPluginManager: Mounting Engine plugin GeometryCache
LogPluginManager: Mounting Engine plugin InputDebugging
LogPluginManager: Found config from plugin[InputDebugging] Input
LogPluginManager: Mounting Engine plugin LinuxDeviceProfileSelector
LogPluginManager: Mounting Engine plugin IOSDeviceProfileSelector
LogPluginManager: Mounting Engine plugin LocationServicesBPLibrary
LogPluginManager: Mounting Engine plugin MeshModelingToolset
LogPluginManager: Mounting Engine plugin Metasound
LogPluginManager: Mounting Engine plugin MsQuic
LogPluginManager: Mounting Engine plugin MobilePatchingUtils
LogPluginManager: Mounting Engine plugin ProceduralMeshComponent
LogPluginManager: Mounting Engine plugin PropertyAccessEditor
LogPluginManager: Mounting Engine plugin ResonanceAudio
LogPluginManager: Mounting Engine plugin SignificanceManager
LogPluginManager: Mounting Engine plugin SoundFields
LogPluginManager: Mounting Engine plugin ActorLayerUtilities
LogPluginManager: Mounting Engine plugin RigVM
LogPluginManager: Mounting Engine plugin Synthesis
LogPluginManager: Mounting Engine plugin WaveTable
LogPluginManager: Mounting Engine plugin WebMMoviePlayer
LogPluginManager: Mounting Engine plugin WindowsDeviceProfileSelector
LogPluginManager: Mounting Engine plugin WindowsMoviePlayer
LogPluginManager: Mounting Engine plugin Niagara
LogPluginManager: Mounting Engine plugin EOSShared
LogPluginManager: Mounting Engine plugin OnlineBase
LogPluginManager: Mounting Engine plugin OnlineSubsystem
LogPluginManager: Mounting Engine plugin ArchVisCharacter
LogPluginManager: Mounting Engine plugin OnlineSubsystemNull
LogPluginManager: Mounting Engine plugin GeometryProcessing
LogPluginManager: Mounting Engine plugin InterchangeEditor
LogPluginManager: Mounting Engine plugin Interchange
LogPluginManager: Mounting Engine plugin OodleNetwork
LogPluginManager: Mounting Engine plugin AnimationSharing
LogPluginManager: Mounting Engine plugin LauncherChunkInstaller
LogPluginManager: Mounting Engine plugin CLionSourceCodeAccess
LogPluginManager: Mounting Engine plugin CodeLiteSourceCodeAccess
LogPluginManager: Mounting Engine plugin DumpGPUServices
LogPluginManager: Mounting Engine plugin GitSourceControl
LogPluginManager: Mounting Engine plugin KDevelopSourceCodeAccess
LogPluginManager: Mounting Engine plugin N10XSourceCodeAccess
LogPluginManager: Mounting Engine plugin NullSourceCodeAccess
LogPluginManager: Mounting Engine plugin OnlineServices
LogPluginManager: Mounting Engine plugin PluginUtils
LogPluginManager: Mounting Engine plugin PerforceSourceControl
LogPluginManager: Mounting Engine plugin CustomMeshComponent
LogPluginManager: Mounting Engine plugin OnlineSubsystemUtils
LogPluginManager: Mounting Engine plugin PropertyAccessNode
LogPluginManager: Mounting Engine plugin RiderSourceCodeAccess
LogPluginManager: Mounting Engine plugin SubversionSourceControl
LogPluginManager: Mounting Engine plugin PlasticSourceControl
LogPluginManager: Mounting Engine plugin PixWinPlugin
LogPluginManager: Mounting Engine plugin UObjectPlugin
LogPluginManager: Mounting Engine plugin AlembicImporter
LogPluginManager: Mounting Engine plugin TextureFormatOodle
LogPluginManager: Mounting Engine plugin AssetManagerEditor
LogPluginManager: Mounting Engine plugin BlueprintHeaderView
LogPluginManager: Mounting Engine plugin XCodeSourceCodeAccess
LogPluginManager: Mounting Engine plugin ChangelistReview
LogPluginManager: Mounting Engine plugin AudioCapture
LogPluginManager: Mounting Engine plugin VisualStudioCodeSourceCodeAccess
LogPluginManager: Mounting Engine plugin CryptoKeys
LogPluginManager: Mounting Engine plugin CurveEditorTools
LogPluginManager: Mounting Engine plugin DataValidation
LogPluginManager: Mounting Engine plugin TraceDataFilters
LogPluginManager: Mounting Engine plugin EditorDebugTools
LogPluginManager: Mounting Engine plugin EditorScriptingUtilities
LogPluginManager: Mounting Engine plugin EngineAssetDefinitions
LogPluginManager: Mounting Engine plugin FacialAnimation
LogPluginManager: Mounting Engine plugin MacGraphicsSwitching
LogPluginManager: Mounting Engine plugin MobileLauncherProfileWizard
LogPluginManager: Mounting Engine plugin GeometryMode
LogPluginManager: Mounting Engine plugin SequencerAnimTools
LogPluginManager: Mounting Engine plugin PluginBrowser
LogPluginManager: Mounting Engine plugin GameplayTagsEditor
LogPluginManager: Mounting Engine plugin ModelingToolsEditorMode
LogPluginManager: Mounting Engine plugin RenderDocPlugin
LogPluginManager: Mounting Engine plugin SpeedTreeImporter
LogPluginManager: Mounting Engine plugin UVEditor
LogPluginManager: Mounting Engine plugin AndroidMedia
LogPluginManager: Mounting Engine plugin AvfMedia
LogPluginManager: Mounting Engine plugin WorldPartitionHLODUtilities
LogPluginManager: Mounting Engine plugin MaterialAnalyzer
LogPluginManager: Mounting Engine plugin MediaCompositing
LogPluginManager: Mounting Engine plugin MediaPlate
LogPluginManager: Mounting Engine plugin MediaPlayerEditor
LogPluginManager: Mounting Engine plugin WebMMedia
LogPluginManager: Mounting Engine plugin WmfMedia
LogPluginManager: Mounting Engine plugin AutomationUtils
LogPluginManager: Mounting Engine plugin BackChannel
LogPluginManager: Mounting Engine plugin ChaosCaching
LogPluginManager: Mounting Engine plugin ChaosClothEditor
LogPluginManager: Mounting Engine plugin VisualStudioSourceCodeAccess
LogPluginManager: Mounting Engine plugin ChaosEditor
LogPluginManager: Mounting Engine plugin ChaosNiagara
LogPluginManager: Mounting Engine plugin ChaosSolverPlugin
LogPluginManager: Mounting Engine plugin ChaosUserDataPT
LogPluginManager: Mounting Engine plugin ChaosCloth
LogPluginManager: Mounting Engine plugin CharacterAI
LogPluginManager: Mounting Engine plugin Dataflow
LogPluginManager: Mounting Engine plugin Fracture
LogPluginManager: Mounting Engine plugin GeometryFlow
LogPluginManager: Mounting Engine plugin FullBodyIK
LogPluginManager: Mounting Engine plugin ImgMedia
LogPluginManager: Mounting Engine plugin GeometryCollectionPlugin
LogPluginManager: Mounting Engine plugin LocalizableMessage
LogPluginManager: Mounting Engine plugin MeshLODToolset
LogPluginManager: Mounting Engine plugin OpenImageDenoise
LogPluginManager: Mounting Engine plugin PlanarCut
LogPluginManager: Mounting Engine plugin PlatformCrypto
LogPluginManager: Mounting Engine plugin ProxyLODPlugin
LogPluginManager: Mounting Engine plugin PythonScriptPlugin
LogPluginManager: Mounting Engine plugin MeshModelingToolsetExp
LogPluginManager: Mounting Engine plugin SkeletalReduction
LogPluginManager: Mounting Engine plugin StructUtils
LogPluginManager: Mounting Engine plugin InterchangeTests
LogPluginManager: Mounting Engine plugin DatasmithContent
LogPluginManager: Mounting Engine plugin GLTFExporter
LogPluginManager: Mounting Engine plugin VariantManager
LogPluginManager: Mounting Engine plugin VariantManagerContent
LogPluginManager: Mounting Engine plugin ActorSequence
LogPluginManager: Mounting Engine plugin LevelSequenceEditor
LogPluginManager: Mounting Engine plugin SequencerScripting
LogPluginManager: Mounting Engine plugin TemplateSequence
LogPluginManager: Mounting Engine plugin TcpMessaging
LogPluginManager: Mounting Engine plugin UdpMessaging
LogPluginManager: Mounting Engine plugin ToolPresets
LogPluginManager: Mounting Engine plugin AnimationModifierLibrary
LogPluginManager: Mounting Engine plugin Takes
LogPluginManager: Mounting Engine plugin BlendSpaceMotionAnalysis
LogPluginManager: Mounting Engine plugin AnimationData
LogPluginManager: Mounting Engine plugin ControlRigSpline
LogPluginManager: Mounting Engine plugin ControlRig
LogPluginManager: Mounting Engine plugin IKRig
LogPluginManager: Mounting Engine plugin ACLPlugin
LogPluginManager: Mounting Engine plugin OnlineSubsystemGooglePlay
LogPluginManager: Mounting Engine plugin ObjectMixer
LogPluginManager: Mounting Engine plugin PortableObjectFileDataSource
LogPluginManager: Mounting Engine plugin OnlineSubsystemIOS
LogPluginManager: Mounting Engine plugin ContentBrowserFileDataSource
LogPluginManager: Mounting Engine plugin LightMixer
LogPluginManager: Mounting Engine plugin ContentBrowserAssetDataSource
LogPluginManager: Mounting Engine plugin ContentBrowserClassDataSource
LogPackageName: Display: FPackageName: Mount point added: '../../Plugins/BlockoutToolsPlugin/Content/' mounted to '/BlockoutToolsPlugin/'
LogPackageName: Display: FPackageName: Mount point added: '../../Plugins/Bridge/Content/' mounted to '/Bridge/'
LogPackageName: Display: FPackageName: Mount point added: '../../Plugins/TraceUtilities/Content/' mounted to '/TraceUtilities/'
LogPackageName: Display: FPackageName: Mount point added: '../../Plugins/Fab/Content/' mounted to '/Fab/'
LogPackageName: Display: FPackageName: Mount point added: '../../Plugins/2D/Paper2D/Content/' mounted to '/Paper2D/'
LogPackageName: Display: FPackageName: Mount point added: '../../Plugins/Runtime/AudioSynesthesia/Content/' mounted to '/AudioSynesthesia/'
LogPackageName: Display: FPackageName: Mount point added: '../../Plugins/Runtime/AudioWidgets/Content/' mounted to '/AudioWidgets/'
LogPackageName: Display: FPackageName: Mount point added: '../../Plugins/Runtime/MeshModelingToolset/Content/' mounted to '/MeshModelingToolset/'
LogPackageName: Display: FPackageName: Mount point added: '../../Plugins/Runtime/Metasound/Content/' mounted to '/Metasound/'
LogPackageName: Display: FPackageName: Mount point added: '../../Plugins/Runtime/ResonanceAudio/Content/' mounted to '/ResonanceAudio/'
LogPackageName: Display: FPackageName: Mount point added: '../../Plugins/Runtime/RigVM/Content/' mounted to '/RigVM/'
LogPackageName: Display: FPackageName: Mount point added: '../../Plugins/Runtime/Synthesis/Content/' mounted to '/Synthesis/'
LogPackageName: Display: FPackageName: Mount point added: '../../Plugins/Runtime/WaveTable/Content/' mounted to '/WaveTable/'
LogPackageName: Display: FPackageName: Mount point added: '../../Plugins/FX/Niagara/Content/' mounted to '/Niagara/'
LogPackageName: Display: FPackageName: Mount point added: '../../Plugins/Runtime/GeometryProcessing/Content/' mounted to '/GeometryProcessing/'
LogPackageName: Display: FPackageName: Mount point added: '../../Plugins/Interchange/Runtime/Content/' mounted to '/Interchange/'
LogPackageName: Display: FPackageName: Mount point added: '../../Plugins/Developer/AnimationSharing/Content/' mounted to '/AnimationSharing/'
LogPackageName: Display: FPackageName: Mount point added: '../../Plugins/Editor/BlueprintHeaderView/Content/' mounted to '/BlueprintHeaderView/'
LogPackageName: Display: FPackageName: Mount point added: '../../Plugins/Editor/GeometryMode/Content/' mounted to '/GeometryMode/'
LogPackageName: Display: FPackageName: Mount point added: '../../Plugins/Editor/ModelingToolsEditorMode/Content/' mounted to '/ModelingToolsEditorMode/'
LogPackageName: Display: FPackageName: Mount point added: '../../Plugins/Editor/SpeedTreeImporter/Content/' mounted to '/SpeedTreeImporter/'
LogPackageName: Display: FPackageName: Mount point added: '../../Plugins/Editor/UVEditor/Content/' mounted to '/UVEditor/'
LogPackageName: Display: FPackageName: Mount point added: '../../Plugins/Media/MediaCompositing/Content/' mounted to '/MediaCompositing/'
LogPackageName: Display: FPackageName: Mount point added: '../../Plugins/Media/MediaPlate/Content/' mounted to '/MediaPlate/'
LogPackageName: Display: FPackageName: Mount point added: '../../Plugins/Experimental/ChaosCaching/Content/' mounted to '/ChaosCaching/'
LogPackageName: Display: FPackageName: Mount point added: '../../Plugins/Experimental/ChaosClothEditor/Content/' mounted to '/ChaosClothEditor/'
LogPackageName: Display: FPackageName: Mount point added: '../../Plugins/Experimental/ChaosNiagara/Content/' mounted to '/ChaosNiagara/'
LogPackageName: Display: FPackageName: Mount point added: '../../Plugins/Experimental/ChaosSolverPlugin/Content/' mounted to '/ChaosSolverPlugin/'
LogPackageName: Display: FPackageName: Mount point added: '../../Plugins/Experimental/Dataflow/Content/' mounted to '/Dataflow/'
LogPackageName: Display: FPackageName: Mount point added: '../../Plugins/Experimental/GeometryFlow/Content/' mounted to '/GeometryFlow/'
LogPackageName: Display: FPackageName: Mount point added: '../../Plugins/Experimental/FullBodyIK/Content/' mounted to '/FullBodyIK/'
LogPackageName: Display: FPackageName: Mount point added: '../../Plugins/Experimental/GeometryCollectionPlugin/Content/' mounted to '/GeometryCollectionPlugin/'
LogPackageName: Display: FPackageName: Mount point added: '../../Plugins/Experimental/MeshLODToolset/Content/' mounted to '/MeshLODToolset/'
LogPackageName: Display: FPackageName: Mount point added: '../../Plugins/Experimental/PythonScriptPlugin/Content/' mounted to '/PythonScriptPlugin/'
LogPackageName: Display: FPackageName: Mount point added: '../../Plugins/Experimental/MeshModelingToolsetExp/Content/' mounted to '/MeshModelingToolsetExp/'
LogPackageName: Display: FPackageName: Mount point added: '../../Plugins/Enterprise/DatasmithContent/Content/' mounted to '/DatasmithContent/'
LogPackageName: Display: FPackageName: Mount point added: '../../Plugins/Enterprise/GLTFExporter/Content/' mounted to '/GLTFExporter/'
LogPackageName: Display: FPackageName: Mount point added: '../../Plugins/MovieScene/SequencerScripting/Content/' mounted to '/SequencerScripting/'
LogPackageName: Display: FPackageName: Mount point added: '../../Plugins/Experimental/ToolPresets/Content/' mounted to '/ToolPresets/'
LogPackageName: Display: FPackageName: Mount point added: '../../Plugins/VirtualProduction/Takes/Content/' mounted to '/Takes/'
LogPackageName: Display: FPackageName: Mount point added: '../../Plugins/Animation/ControlRigSpline/Content/' mounted to '/ControlRigSpline/'
LogPackageName: Display: FPackageName: Mount point added: '../../Plugins/Animation/ControlRig/Content/' mounted to '/ControlRig/'
LogPackageName: Display: FPackageName: Mount point added: '../../Plugins/Animation/IKRig/Content/' mounted to '/IKRig/'
LogPackageName: Display: FPackageName: Mount point added: '../../Plugins/Animation/ACLPlugin/Content/' mounted to '/ACLPlugin/'
LogPackageName: Display: FPackageName: Mount point added: '../../Plugins/Editor/ObjectMixer/ObjectMixer/Content/' mounted to '/ObjectMixer/'
LogPackageName: Display: FPackageName: Mount point added: '../../Plugins/Editor/ObjectMixer/LightMixer/Content/' mounted to '/LightMixer/'
SourceControl: Revision control is disabled
SourceControl: Revision control is disabled
SourceControl: Revision control is disabled
LogEOSSDK: Initializing EOSSDK Version:1.16.1-27379709
LogSsl: Warning: Unable to open ROOT certificate store. Platform provided certificates will not be used
LogInit: Using libcurl 8.4.0
LogInit:  - built for Windows
LogInit:  - supports SSL with OpenSSL/1.1.1t
LogInit:  - supports HTTP deflate (compression) using libz 1.2.13
LogInit:  - other features:
LogInit:      CURL_VERSION_SSL
LogInit:      CURL_VERSION_LIBZ
LogInit:      CURL_VERSION_IPV6
LogInit:      CURL_VERSION_ASYNCHDNS
LogInit:      CURL_VERSION_LARGEFILE
LogInit:  CurlRequestOptions (configurable via config and command line):
LogInit:  - bVerifyPeer = true  - Libcurl will verify peer certificate
LogInit:  - bUseHttpProxy = false  - Libcurl will NOT use HTTP proxy
LogInit:  - bDontReuseConnections = false  - Libcurl will reuse connections
LogInit:  - MaxHostConnections = 16  - Libcurl will limit the number of connections to a host
LogInit:  - LocalHostAddr = Default
LogInit:  - BufferSize = 65536
LogInit: WinSock: version 1.1 (2.2), MaxSocks=32767, MaxUdp=65467
LogOnline: OSS: Created online subsystem instance for: NULL
LogOnline: OSS: TryLoadSubsystemAndSetDefault: Loaded subsystem for type [NULL]
LogWindows: Failed to load 'WinPixGpuCapturer.dll' (GetLastError=126)
LogWindows: File 'WinPixGpuCapturer.dll' does not exist
PixWinPlugin: PIX capture plugin failed to initialize! Check that the process is launched from PIX.
LogConfig: Applying CVar settings from Section [/Script/RenderDocPlugin.RenderDocPluginSettings] File [Engine]
RenderDocPlugin: Display: RenderDoc plugin will not be loaded. Use '-AttachRenderDoc' on the cmd line or enable 'renderdoc.AutoAttach' in the plugin settings.
LogInit: ExecutableName: UnrealEditor-Cmd.exe
LogInit: Build: ++UE5+Release-5.3-CL-29314046
LogInit: Engine Version: 5.3.2-29314046+++UE5+Release-5.3
LogInit: Compatible Engine Version: 5.3.0-27405482+++UE5+Release-5.3
LogInit: Net CL: 27405482
LogInit: OS: Windows 11 (25H2) [10.0.26200.9457] (), CPU: 12th Gen Intel(R) Core(TM) i7-12700KF, GPU: NVIDIA GeForce RTX 3070 Ti
LogInit: Compiled (64-bit): Nov  3 2023 16:09:16
LogInit: Architecture: x64
LogInit: Compiled with Visual C++: 19.36.32537.00
LogInit: Build Configuration: Development
LogInit: Branch Name: ++UE5+Release-5.3
LogInit: Command Line:  G:\UE\project\workdemo\workdemo.uproject -run=pythonscript -Script=C:\Users\Administrator\Documents\Codex\2026-09-24\new-chat\audit_elite_gap_fill.py -unattended -nop4 -nosplash -NoSound -stdout -FullStdOutLogOutput
LogInit: Base Directory: G:/UE/Unreal/UE_5.3/Engine/Binaries/Win64/
LogInit: Allocator: Mimalloc
LogInit: Installed Engine Build: 1
LogInit: This binary is optimized with LTO: no, PGO: no, instrumented for PGO data collection: no
LogDevObjectVersion: Number of dev versions registered: 36
LogDevObjectVersion:   Dev-Blueprints (B0D832E4-1F89-4F0D-ACCF-7EB736FD4AA2): 10
LogDevObjectVersion:   Dev-Build (E1C64328-A22C-4D53-A36C-8E866417BD8C): 0
LogDevObjectVersion:   Dev-Core (375EC13C-06E4-48FB-B500-84F0262A717E): 4
LogDevObjectVersion:   Dev-Editor (E4B068ED-F494-42E9-A231-DA0B2E46BB41): 40
LogDevObjectVersion:   Dev-Framework (CFFC743F-43B0-4480-9391-14DF171D2073): 37
LogDevObjectVersion:   Dev-Mobile (B02B49B5-BB20-44E9-A304-32B752E40360): 3
LogDevObjectVersion:   Dev-Networking (A4E4105C-59A1-49B5-A7C5-40C4547EDFEE): 0
LogDevObjectVersion:   Dev-Online (39C831C9-5AE6-47DC-9A44-9C173E1C8E7C): 0
LogDevObjectVersion:   Dev-Physics (78F01B33-EBEA-4F98-B9B4-84EACCB95AA2): 20
LogDevObjectVersion:   Dev-Platform (6631380F-2D4D-43E0-8009-CF276956A95A): 0
LogDevObjectVersion:   Dev-Rendering (12F88B9F-8875-4AFC-A67C-D90C383ABD29): 47
LogDevObjectVersion:   Dev-Sequencer (7B5AE74C-D270-4C10-A958-57980B212A5A): 13
LogDevObjectVersion:   Dev-VR (D7296918-1DD6-4BDD-9DE2-64A83CC13884): 3
LogDevObjectVersion:   Dev-LoadTimes (C2A15278-BFE7-4AFE-6C17-90FF531DF755): 1
LogDevObjectVersion:   Private-Geometry (6EACA3D4-40EC-4CC1-B786-8BED09428FC5): 3
LogDevObjectVersion:   Dev-AnimPhys (29E575DD-E0A3-4627-9D10-D276232CDCEA): 17
LogDevObjectVersion:   Dev-Anim (AF43A65D-7FD3-4947-9873-3E8ED9C1BB05): 15
LogDevObjectVersion:   Dev-ReflectionCapture (6B266CEC-1EC7-4B8F-A30B-E4D90942FC07): 1
LogDevObjectVersion:   Dev-Automation (0DF73D61-A23F-47EA-B727-89E90C41499A): 1
LogDevObjectVersion:   FortniteMain (601D1886-AC64-4F84-AA16-D3DE0DEAC7D6): 111
LogDevObjectVersion:   FortniteValkyrie (8DBC2C5B-54A7-43E0-A768-FCBB7DA29060): 2
LogDevObjectVersion:   FortniteSeason (5B4C06B7-2463-4AF8-805B-BF70CDF5D0DD): 10
LogDevObjectVersion:   FortniteRelease (E7086368-6B23-4C58-8439-1B7016265E91): 11
LogDevObjectVersion:   Dev-Enterprise (9DFFBCD6-494F-0158-E221-12823C92A888): 10
LogDevObjectVersion:   Dev-Niagara (F2AED0AC-9AFE-416F-8664-AA7FFA26D6FC): 1
LogDevObjectVersion:   Dev-Destruction (174F1F0B-B4C6-45A5-B13F-2EE8D0FB917D): 10
LogDevObjectVersion:   Dev-Physics-Ext (35F94A83-E258-406C-A318-09F59610247C): 41
LogDevObjectVersion:   Dev-PhysicsMaterial-Chaos (B68FC16E-8B1B-42E2-B453-215C058844FE): 1
LogDevObjectVersion:   Dev-CineCamera (B2E18506-4273-CFC2-A54E-F4BB758BBA07): 1
LogDevObjectVersion:   Dev-VirtualProduction (64F58936-FD1B-42BA-BA96-7289D5D0FA4E): 1
LogDevObjectVersion:   UE5-Main (697DD581-E64F-41AB-AA4A-51ECBEB7B628): 118
LogDevObjectVersion:   UE5-Release (D89B5E42-24BD-4D46-8412-ACA8DF641779): 47
LogDevObjectVersion:   UE5-PrivateFrosty (59DA5D52-1232-4948-B878-597870B8E98B): 8
LogDevObjectVersion:   UE5-Dev-Cooker (26075A32-730F-4708-88E9-8C32F1599D05): 0
LogDevObjectVersion:   Dev-MediaFramework (6F0ED827-A609-4895-9C91-998D90180EA4): 2
LogDevObjectVersion:   UE5-Dev-LWCRendering (30D58BE3-95EA-4282-A6E3-B159D8EBB06A): 1
LogInit: Presizing for max 25165824 objects, including 0 objects not considered by GC, pre-allocating 0 bytes for permanent pool.
LogInit: Object subsystem initialized
LogConfig: Set CVar [[con.DebugEarlyDefault:1]]
LogConfig: CVar [[con.DebugLateDefault:1]] deferred - dummy variable created
LogConfig: CVar [[con.DebugLateCheat:1]] deferred - dummy variable created
LogConfig: CVar [[LogNamedEventFilters:Frame *]] deferred - dummy variable created
LogConfig: Set CVar [[r.setres:1280x720]]
LogConfig: CVar [[framepro.ScopeMinTimeMicroseconds:10]] deferred - dummy variable created
LogConfig: CVar [[fx.NiagaraAllowRuntimeScalabilityChanges:1]] deferred - dummy variable created
LogConfig: CVar [[QualityLevelMapping:high]] deferred - dummy variable created
[2026.09.27-13.48.39:875][  0]LogConfig: CVar [[r.Occlusion.SingleRHIThreadStall:1]] deferred - dummy variable created
[2026.09.27-13.48.39:875][  0]LogConfig: Set CVar [[r.Shadow.DetectVertexShaderLayerAtRuntime:1]]
[2026.09.27-13.48.39:875][  0]LogConfig: CVar [[con.DebugLateDefault:1]] deferred - dummy variable created
[2026.09.27-13.48.39:875][  0]LogConfig: CVar [[con.DebugLateCheat:1]] deferred - dummy variable created
[2026.09.27-13.48.39:875][  0]LogConfig: CVar [[LogNamedEventFilters:Frame *]] deferred - dummy variable created
[2026.09.27-13.48.39:875][  0]LogConfig: CVar [[framepro.ScopeMinTimeMicroseconds:10]] deferred - dummy variable created
[2026.09.27-13.48.39:875][  0]LogConfig: CVar [[fx.NiagaraAllowRuntimeScalabilityChanges:1]] deferred - dummy variable created
[2026.09.27-13.48.39:875][  0]LogConfig: CVar [[QualityLevelMapping:high]] deferred - dummy variable created
[2026.09.27-13.48.39:875][  0]LogConfig: CVar [[r.Occlusion.SingleRHIThreadStall:1]] deferred - dummy variable created
[2026.09.27-13.48.39:875][  0]LogConfig: Applying CVar settings from Section [/Script/Engine.RendererSettings] File [Engine]
[2026.09.27-13.48.39:875][  0]LogConfig: CVar [[VisualizeCalibrationColorMaterialPath:/Engine/EngineMaterials/PPM_DefaultCalibrationColor.PPM_DefaultCalibrationColor]] deferred - dummy variable created
[2026.09.27-13.48.39:875][  0]LogConfig: CVar [[VisualizeCalibrationGrayscaleMaterialPath:/Engine/EngineMaterials/PPM_DefaultCalibrationGrayscale.PPM_DefaultCalibrationGrayscale]] deferred - dummy variable created
[2026.09.27-13.48.39:875][  0]LogConfig: Set CVar [[r.GPUCrashDebugging:0]]
[2026.09.27-13.48.39:875][  0]LogConfig: CVar [[MaxSkinBones:(Default=65536,PerPlatform=(("Mobile", 256)))]] deferred - dummy variable created
[2026.09.27-13.48.39:875][  0]LogConfig: Set CVar [[r.ReflectionMethod:1]]
[2026.09.27-13.48.39:875][  0]LogConfig: Set CVar [[r.GenerateMeshDistanceFields:1]]
[2026.09.27-13.48.39:875][  0]LogConfig: Set CVar [[r.DynamicGlobalIlluminationMethod:1]]
[2026.09.27-13.48.39:875][  0]LogConfig: Set CVar [[r.Lumen.TraceMeshSDFs:0]]
[2026.09.27-13.48.39:875][  0]LogConfig: Set CVar [[r.Shadow.Virtual.Enable:1]]
[2026.09.27-13.48.39:875][  0]LogConfig: Set CVar [[r.Mobile.EnableNoPrecomputedLightingCSMShader:1]]
[2026.09.27-13.48.39:875][  0]LogConfig: Set CVar [[r.DefaultFeature.AutoExposure.ExtendDefaultLuminanceRange:1]]
[2026.09.27-13.48.39:875][  0]LogConfig: Set CVar [[r.DefaultFeature.LocalExposure.HighlightContrastScale:0.8]]
[2026.09.27-13.48.39:875][  0]LogConfig: Set CVar [[r.DefaultFeature.LocalExposure.ShadowContrastScale:0.8]]
[2026.09.27-13.48.39:875][  0]LogConfig: Set CVar [[r.Shaders.RemoveUnusedInterpolators:1]]
[2026.09.27-13.48.39:875][  0]LogConfig: Applying CVar settings from Section [/Script/Engine.RendererOverrideSettings] File [Engine]
[2026.09.27-13.48.39:875][  0]LogConfig: Applying CVar settings from Section [/Script/Engine.StreamingSettings] File [Engine]
[2026.09.27-13.48.39:875][  0]LogConfig: Set CVar [[s.MinBulkDataSizeForAsyncLoading:131072]]
[2026.09.27-13.48.39:876][  0]LogConfig: Set CVar [[s.AsyncLoadingThreadEnabled:1]]
[2026.09.27-13.48.39:876][  0]LogConfig: Set CVar [[s.EventDrivenLoaderEnabled:1]]
[2026.09.27-13.48.39:876][  0]LogConfig: Set CVar [[s.WarnIfTimeLimitExceeded:0]]
[2026.09.27-13.48.39:876][  0]LogConfig: Set CVar [[s.TimeLimitExceededMultiplier:1.5]]
[2026.09.27-13.48.39:876][  0]LogConfig: Set CVar [[s.TimeLimitExceededMinTime:0.005]]
[2026.09.27-13.48.39:876][  0]LogConfig: Set CVar [[s.UseBackgroundLevelStreaming:1]]
[2026.09.27-13.48.39:876][  0]LogConfig: Set CVar [[s.PriorityAsyncLoadingExtraTime:15.0]]
[2026.09.27-13.48.39:876][  0]LogConfig: Set CVar [[s.LevelStreamingActorsUpdateTimeLimit:5.0]]
[2026.09.27-13.48.39:876][  0]LogConfig: Set CVar [[s.PriorityLevelStreamingActorsUpdateExtraTime:5.0]]
[2026.09.27-13.48.39:876][  0]LogConfig: Set CVar [[s.LevelStreamingComponentsRegistrationGranularity:10]]
[2026.09.27-13.48.39:876][  0]LogConfig: Set CVar [[s.UnregisterComponentsTimeLimit:1.0]]
[2026.09.27-13.48.39:876][  0]LogConfig: Set CVar [[s.LevelStreamingComponentsUnregistrationGranularity:5]]
[2026.09.27-13.48.39:876][  0]LogConfig: CVar [[s.MaxPackageSummarySize:16384]] deferred - dummy variable created
[2026.09.27-13.48.39:876][  0]LogConfig: Set CVar [[s.FlushStreamingOnExit:1]]
[2026.09.27-13.48.39:876][  0]LogConfig: CVar [[FixedBootOrder:/Script/Engine/Default__SoundBase]] deferred - dummy variable created
[2026.09.27-13.48.39:876][  0]LogConfig: CVar [[FixedBootOrder:/Script/Engine/Default__MaterialInterface]] deferred - dummy variable created
[2026.09.27-13.48.39:876][  0]LogConfig: CVar [[FixedBootOrder:/Script/Engine/Default__DeviceProfileManager]] deferred - dummy variable created
[2026.09.27-13.48.39:876][  0]LogConfig: Applying CVar settings from Section [/Script/Engine.GarbageCollectionSettings] File [Engine]
[2026.09.27-13.48.39:876][  0]LogConfig: Set CVar [[gc.MaxObjectsNotConsideredByGC:1]]
[2026.09.27-13.48.39:876][  0]LogConfig: Set CVar [[gc.SizeOfPermanentObjectPool:0]]
[2026.09.27-13.48.39:876][  0]LogConfig: Set CVar [[gc.FlushStreamingOnGC:0]]
[2026.09.27-13.48.39:876][  0]LogConfig: Set CVar [[gc.NumRetriesBeforeForcingGC:10]]
[2026.09.27-13.48.39:876][  0]LogConfig: Set CVar [[gc.AllowParallelGC:1]]
[2026.09.27-13.48.39:876][  0]LogConfig: Set CVar [[gc.TimeBetweenPurgingPendingKillObjects:61.1]]
[2026.09.27-13.48.39:876][  0]LogConfig: Set CVar [[gc.MaxObjectsInEditor:25165824]]
[2026.09.27-13.48.39:876][  0]LogConfig: Set CVar [[gc.IncrementalBeginDestroyEnabled:1]]
[2026.09.27-13.48.39:876][  0]LogConfig: Set CVar [[gc.CreateGCClusters:1]]
[2026.09.27-13.48.39:876][  0]LogConfig: Set CVar [[gc.MinGCClusterSize:5]]
[2026.09.27-13.48.39:876][  0]LogConfig: Set CVar [[gc.AssetClustreringEnabled:0]]
[2026.09.27-13.48.39:876][  0]LogConfig: Set CVar [[gc.ActorClusteringEnabled:0]]
[2026.09.27-13.48.39:876][  0]LogConfig: Set CVar [[gc.UseDisregardForGCOnDedicatedServers:0]]
[2026.09.27-13.48.39:876][  0]LogConfig: Set CVar [[gc.MultithreadedDestructionEnabled:1]]
[2026.09.27-13.48.39:876][  0]LogConfig: Set CVar [[gc.VerifyUObjectsAreNotFGCObjects:0]]
[2026.09.27-13.48.39:876][  0]LogConfig: Set CVar [[gc.PendingKillEnabled:1]]
[2026.09.27-13.48.39:876][  0]LogConfig: Applying CVar settings from Section [/Script/Engine.NetworkSettings] File [Engine]
[2026.09.27-13.48.39:876][  0]LogConfig: CVar [[NetworkEmulationProfiles:(ProfileName="Average",ToolTip="Simulates average internet conditions")]] deferred - dummy variable created
[2026.09.27-13.48.39:876][  0]LogConfig: CVar [[NetworkEmulationProfiles:(ProfileName="Bad",ToolTip="Simulates laggy internet conditions")]] deferred - dummy variable created
[2026.09.27-13.48.39:876][  0]LogConfig: Applying CVar settings from Section [/Script/UnrealEd.CookerSettings] File [Engine]
[2026.09.27-13.48.39:876][  0]LogConfig: CVar [[DefaultASTCQualityBySpeed:2]] deferred - dummy variable created
[2026.09.27-13.48.39:876][  0]LogConfig: CVar [[DefaultASTCQualityBySize:3]] deferred - dummy variable created
[2026.09.27-13.48.39:876][  0]LogConfig: CVar [[ClassesExcludedOnDedicatedServer:WidgetBlueprint]] deferred - dummy variable created
[2026.09.27-13.48.39:876][  0]LogConfig: CVar [[ClassesExcludedOnDedicatedServer:GroupActor]] deferred - dummy variable created
[2026.09.27-13.48.39:876][  0]LogConfig: CVar [[ClassesExcludedOnDedicatedServer:MetaData]] deferred - dummy variable created
[2026.09.27-13.48.39:876][  0]LogConfig: CVar [[ClassesExcludedOnDedicatedServer:ObjectRedirector]] deferred - dummy variable created
[2026.09.27-13.48.39:876][  0]LogConfig: CVar [[ClassesExcludedOnDedicatedServer:NavMeshRenderingComponent]] deferred - dummy variable created
[2026.09.27-13.48.39:876][  0]LogConfig: CVar [[ClassesExcludedOnDedicatedServer:ReflectionCaptureComponent]] deferred - dummy variable created
[2026.09.27-13.48.39:876][  0]LogConfig: CVar [[ClassesExcludedOnDedicatedServer:TextRenderComponent]] deferred - dummy variable created
[2026.09.27-13.48.39:876][  0]LogConfig: CVar [[ClassesExcludedOnDedicatedServer:Font]] deferred - dummy variable created
[2026.09.27-13.48.39:876][  0]LogConfig: CVar [[ClassesExcludedOnDedicatedServer:InterpCurveEdSetup]] deferred - dummy variable created
[2026.09.27-13.48.39:876][  0]LogConfig: CVar [[ClassesExcludedOnDedicatedServer:MaterialExpression]] deferred - dummy variable created
[2026.09.27-13.48.39:876][  0]LogConfig: CVar [[ClassesExcludedOnDedicatedServer:NiagaraEmitter]] deferred - dummy variable created
[2026.09.27-13.48.39:876][  0]LogConfig: CVar [[ClassesExcludedOnDedicatedServer:NiagaraScript]] deferred - dummy variable created
[2026.09.27-13.48.39:876][  0]LogConfig: CVar [[ClassesExcludedOnDedicatedServer:ParticleEmitter]] deferred - dummy variable created
[2026.09.27-13.48.39:876][  0]LogConfig: CVar [[ClassesExcludedOnDedicatedServer:ParticleLODLevel]] deferred - dummy variable created
[2026.09.27-13.48.39:876][  0]LogConfig: CVar [[ClassesExcludedOnDedicatedServer:ParticleModule]] deferred - dummy variable created
[2026.09.27-13.48.39:876][  0]LogConfig: CVar [[ClassesExcludedOnDedicatedServer:SubUVAnimation]] deferred - dummy variable created
[2026.09.27-13.48.39:876][  0]LogConfig: CVar [[ClassesExcludedOnDedicatedServer:SoundNode]] deferred - dummy variable created
[2026.09.27-13.48.39:876][  0]LogConfig: CVar [[ClassesExcludedOnDedicatedServer:GameplayEffectUIData]] deferred - dummy variable created
[2026.09.27-13.48.39:876][  0]LogConfig: CVar [[ClassesExcludedOnDedicatedClient:WidgetBlueprint]] deferred - dummy variable created
[2026.09.27-13.48.39:876][  0]LogConfig: CVar [[ClassesExcludedOnDedicatedClient:GroupActor]] deferred - dummy variable created
[2026.09.27-13.48.39:876][  0]LogConfig: CVar [[ClassesExcludedOnDedicatedClient:MetaData]] deferred - dummy variable created
[2026.09.27-13.48.39:876][  0]LogConfig: CVar [[ClassesExcludedOnDedicatedClient:ObjectRedirector]] deferred - dummy variable created
[2026.09.27-13.48.39:876][  0]LogConfig: CVar [[ClassesExcludedOnDedicatedClient:InterpCurveEdSetup]] deferred - dummy variable created
[2026.09.27-13.48.39:876][  0]LogConfig: CVar [[VersionedIntRValues:r.AllowStaticLighting]] deferred - dummy variable created
[2026.09.27-13.48.39:876][  0]LogConfig: CVar [[VersionedIntRValues:r.MaterialEditor.LWCTruncateMode]] deferred - dummy variable created
[2026.09.27-13.48.39:876][  0]LogConfig: CVar [[VersionedIntRValues:r.GBuffer]] deferred - dummy variable created
[2026.09.27-13.48.39:876][  0]LogConfig: CVar [[VersionedIntRValues:r.VelocityOutputPass]] deferred - dummy variable created
[2026.09.27-13.48.39:876][  0]LogConfig: CVar [[VersionedIntRValues:r.SelectiveBasePassOutputs]] deferred - dummy variable created
[2026.09.27-13.48.39:876][  0]LogConfig: CVar [[VersionedIntRValues:r.DBuffer]] deferred - dummy variable created
[2026.09.27-13.48.39:876][  0]LogConfig: CVar [[VersionedIntRValues:r.Shaders.Symbols]] deferred - dummy variable created
[2026.09.27-13.48.39:876][  0]LogConfig: CVar [[VersionedIntRValues:r.Shaders.GenerateSymbols]] deferred - dummy variable created
[2026.09.27-13.48.39:876][  0]LogConfig: CVar [[VersionedIntRValues:r.Shaders.WriteSymbols]] deferred - dummy variable created
[2026.09.27-13.48.39:876][  0]LogConfig: CVar [[VersionedIntRValues:r.Shaders.AllowUniqueSymbols]] deferred - dummy variable created
[2026.09.27-13.48.39:876][  0]LogConfig: CVar [[VersionedIntRValues:r.Shaders.ExtraData]] deferred - dummy variable created
[2026.09.27-13.48.39:876][  0]LogConfig: CVar [[VersionedIntRValues:r.Shaders.Optimize]] deferred - dummy variable created
[2026.09.27-13.48.39:876][  0]LogConfig: CVar [[VersionedIntRValues:r.CompileShadersForDevelopment]] deferred - dummy variable created
[2026.09.27-13.48.39:876][  0]LogConfig: CVar [[VersionedIntRValues:r.MobileHDR]] deferred - dummy variable created
[2026.09.27-13.48.39:876][  0]LogConfig: CVar [[VersionedIntRValues:r.UsePreExposure]] deferred - dummy variable created
[2026.09.27-13.48.39:876][  0]LogConfig: Applying CVar settings from Section [ViewDistanceQuality@3] File [Scalability]
[2026.09.27-13.48.39:876][  0]LogConfig: Set CVar [[r.SkeletalMeshLODBias:0]]
[2026.09.27-13.48.39:876][  0]LogConfig: Set CVar [[r.ViewDistanceScale:1.0]]
[2026.09.27-13.48.39:876][  0]LogConfig: Applying CVar settings from Section [AntiAliasingQuality@3] File [Scalability]
[2026.09.27-13.48.39:876][  0]LogConfig: Set CVar [[r.FXAA.Quality:4]]
[2026.09.27-13.48.39:876][  0]LogConfig: Set CVar [[r.TemporalAA.Quality:2]]
[2026.09.27-13.48.39:876][  0]LogConfig: Set CVar [[r.TSR.History.R11G11B10:1]]
[2026.09.27-13.48.39:876][  0]LogConfig: Set CVar [[r.TSR.History.ScreenPercentage:200]]
[2026.09.27-13.48.39:876][  0]LogConfig: Set CVar [[r.TSR.History.UpdateQuality:3]]
[2026.09.27-13.48.39:876][  0]LogConfig: Set CVar [[r.TSR.ShadingRejection.Flickering:1]]
[2026.09.27-13.48.39:876][  0]LogConfig: Set CVar [[r.TSR.ShadingRejection.TileOverscan:3]]
[2026.09.27-13.48.39:876][  0]LogConfig: CVar [[r.TSR.Velocity.Extrapolation:1]] deferred - dummy variable created
[2026.09.27-13.48.39:876][  0]LogConfig: Set CVar [[r.TSR.RejectionAntiAliasingQuality:2]]
[2026.09.27-13.48.39:876][  0]LogConfig: Applying CVar settings from Section [ShadowQuality@3] File [Scalability]
[2026.09.27-13.48.39:876][  0]LogConfig: Set CVar [[r.LightFunctionQuality:1]]
[2026.09.27-13.48.39:876][  0]LogConfig: Set CVar [[r.ShadowQuality:5]]
[2026.09.27-13.48.39:876][  0]LogConfig: Set CVar [[r.Shadow.CSM.MaxCascades:10]]
[2026.09.27-13.48.39:876][  0]LogConfig: Set CVar [[r.Shadow.MaxResolution:2048]]
[2026.09.27-13.48.39:876][  0]LogConfig: Set CVar [[r.Shadow.MaxCSMResolution:2048]]
[2026.09.27-13.48.39:876][  0]LogConfig: Set CVar [[r.Shadow.RadiusThreshold:0.01]]
[2026.09.27-13.48.39:876][  0]LogConfig: Set CVar [[r.Shadow.DistanceScale:1.0]]
[2026.09.27-13.48.39:876][  0]LogConfig: Set CVar [[r.Shadow.CSM.TransitionScale:1.0]]
[2026.09.27-13.48.39:876][  0]LogConfig: Set CVar [[r.Shadow.PreShadowResolutionFactor:1.0]]
[2026.09.27-13.48.39:876][  0]LogConfig: Set CVar [[r.DistanceFieldShadowing:1]]
[2026.09.27-13.48.39:876][  0]LogConfig: Set CVar [[r.VolumetricFog:1]]
[2026.09.27-13.48.39:876][  0]LogConfig: Set CVar [[r.VolumetricFog.GridPixelSize:8]]
[2026.09.27-13.48.39:876][  0]LogConfig: Set CVar [[r.VolumetricFog.GridSizeZ:128]]
[2026.09.27-13.48.39:876][  0]LogConfig: Set CVar [[r.VolumetricFog.HistoryMissSupersampleCount:4]]
[2026.09.27-13.48.39:876][  0]LogConfig: Set CVar [[r.LightMaxDrawDistanceScale:1]]
[2026.09.27-13.48.39:876][  0]LogConfig: Set CVar [[r.CapsuleShadows:1]]
[2026.09.27-13.48.39:876][  0]LogConfig: Set CVar [[r.Shadow.Virtual.MaxPhysicalPages:4096]]
[2026.09.27-13.48.39:876][  0]LogConfig: Set CVar [[r.Shadow.Virtual.ResolutionLodBiasDirectional:-1.5]]
[2026.09.27-13.48.39:876][  0]LogConfig: Set CVar [[r.Shadow.Virtual.ResolutionLodBiasDirectionalMoving:-1.5]]
[2026.09.27-13.48.39:876][  0]LogConfig: Set CVar [[r.Shadow.Virtual.ResolutionLodBiasLocal:0.0]]
[2026.09.27-13.48.39:876][  0]LogConfig: Set CVar [[r.Shadow.Virtual.ResolutionLodBiasLocalMoving:1.0]]
[2026.09.27-13.48.39:876][  0]LogConfig: Set CVar [[r.Shadow.Virtual.SMRT.RayCountDirectional:8]]
[2026.09.27-13.48.39:876][  0]LogConfig: Set CVar [[r.Shadow.Virtual.SMRT.SamplesPerRayDirectional:4]]
[2026.09.27-13.48.39:876][  0]LogConfig: Set CVar [[r.Shadow.Virtual.SMRT.RayCountLocal:8]]
[2026.09.27-13.48.39:876][  0]LogConfig: Set CVar [[r.Shadow.Virtual.SMRT.SamplesPerRayLocal:4]]
[2026.09.27-13.48.39:876][  0]LogConfig: Applying CVar settings from Section [GlobalIlluminationQuality@3] File [Scalability]
[2026.09.27-13.48.39:876][  0]LogConfig: Set CVar [[r.DistanceFieldAO:1]]
[2026.09.27-13.48.39:876][  0]LogConfig: Set CVar [[r.AOQuality:2]]
[2026.09.27-13.48.39:876][  0]LogConfig: Set CVar [[r.Lumen.DiffuseIndirect.Allow:1]]
[2026.09.27-13.48.39:876][  0]LogConfig: Set CVar [[r.LumenScene.Radiosity.ProbeSpacing:4]]
[2026.09.27-13.48.39:876][  0]LogConfig: Set CVar [[r.LumenScene.Radiosity.HemisphereProbeResolution:4]]
[2026.09.27-13.48.39:876][  0]LogConfig: Set CVar [[r.Lumen.TraceMeshSDFs.Allow:1]]
[2026.09.27-13.48.39:876][  0]LogConfig: Set CVar [[r.Lumen.ScreenProbeGather.RadianceCache.ProbeResolution:32]]
[2026.09.27-13.48.39:876][  0]LogConfig: Set CVar [[r.Lumen.ScreenProbeGather.RadianceCache.NumProbesToTraceBudget:300]]
[2026.09.27-13.48.39:876][  0]LogConfig: Set CVar [[r.Lumen.ScreenProbeGather.DownsampleFactor:16]]
[2026.09.27-13.48.39:876][  0]LogConfig: Set CVar [[r.Lumen.ScreenProbeGather.TracingOctahedronResolution:8]]
[2026.09.27-13.48.39:876][  0]LogConfig: Set CVar [[r.Lumen.ScreenProbeGather.IrradianceFormat:0]]
[2026.09.27-13.48.39:876][  0]LogConfig: Set CVar [[r.Lumen.ScreenProbeGather.StochasticInterpolation:0]]
[2026.09.27-13.48.39:876][  0]LogConfig: Set CVar [[r.Lumen.ScreenProbeGather.FullResolutionJitterWidth:1]]
[2026.09.27-13.48.39:876][  0]LogConfig: Set CVar [[r.Lumen.ScreenProbeGather.TwoSidedFoliageBackfaceDiffuse:1]]
[2026.09.27-13.48.39:877][  0]LogConfig: Set CVar [[r.Lumen.ScreenProbeGather.ScreenTraces.HZBTraversal.FullResDepth:1]]
[2026.09.27-13.48.39:877][  0]LogConfig: Set CVar [[r.Lumen.TranslucencyVolume.GridPixelSize:32]]
[2026.09.27-13.48.39:877][  0]LogConfig: Set CVar [[r.Lumen.TranslucencyVolume.TraceFromVolume:1]]
[2026.09.27-13.48.39:877][  0]LogConfig: Set CVar [[r.Lumen.TranslucencyVolume.TracingOctahedronResolution:3]]
[2026.09.27-13.48.39:877][  0]LogConfig: Set CVar [[r.Lumen.TranslucencyVolume.RadianceCache.ProbeResolution:8]]
[2026.09.27-13.48.39:877][  0]LogConfig: Set CVar [[r.Lumen.TranslucencyVolume.RadianceCache.NumProbesToTraceBudget:200]]
[2026.09.27-13.48.39:877][  0]LogConfig: Applying CVar settings from Section [ReflectionQuality@3] File [Scalability]
[2026.09.27-13.48.39:877][  0]LogConfig: Set CVar [[r.SSR.Quality:3]]
[2026.09.27-13.48.39:877][  0]LogConfig: Set CVar [[r.SSR.HalfResSceneColor:0]]
[2026.09.27-13.48.39:877][  0]LogConfig: Set CVar [[r.Lumen.Reflections.Allow:1]]
[2026.09.27-13.48.39:877][  0]LogConfig: Set CVar [[r.Lumen.Reflections.DownsampleFactor:1]]
[2026.09.27-13.48.39:877][  0]LogConfig: Set CVar [[r.Lumen.Reflections.MaxRoughnessToTraceForFoliage:0.4]]
[2026.09.27-13.48.39:877][  0]LogConfig: Set CVar [[r.Lumen.Reflections.ScreenSpaceReconstruction.TonemapStrength:0]]
[2026.09.27-13.48.39:877][  0]LogConfig: Set CVar [[r.Lumen.TranslucencyReflections.FrontLayer.Allow:1]]
[2026.09.27-13.48.39:877][  0]LogConfig: Set CVar [[r.Lumen.TranslucencyReflections.FrontLayer.Enable:0]]
[2026.09.27-13.48.39:877][  0]LogConfig: Applying CVar settings from Section [PostProcessQuality@3] File [Scalability]
[2026.09.27-13.48.39:877][  0]LogConfig: Set CVar [[r.MotionBlurQuality:4]]
[2026.09.27-13.48.39:877][  0]LogConfig: Set CVar [[r.MotionBlur.HalfResGather:0]]
[2026.09.27-13.48.39:877][  0]LogConfig: Set CVar [[r.AmbientOcclusionMipLevelFactor:0.4]]
[2026.09.27-13.48.39:878][  0]LogConfig: Set CVar [[r.AmbientOcclusionMaxQuality:100]]
[2026.09.27-13.48.39:878][  0]LogConfig: Set CVar [[r.AmbientOcclusionLevels:-1]]
[2026.09.27-13.48.39:878][  0]LogConfig: Set CVar [[r.AmbientOcclusionRadiusScale:1.0]]
[2026.09.27-13.48.39:878][  0]LogConfig: Set CVar [[r.DepthOfFieldQuality:2]]
[2026.09.27-13.48.39:878][  0]LogConfig: Set CVar [[r.RenderTargetPoolMin:400]]
[2026.09.27-13.48.39:878][  0]LogConfig: Set CVar [[r.LensFlareQuality:2]]
[2026.09.27-13.48.39:878][  0]LogConfig: Set CVar [[r.SceneColorFringeQuality:1]]
[2026.09.27-13.48.39:878][  0]LogConfig: Set CVar [[r.EyeAdaptationQuality:2]]
[2026.09.27-13.48.39:878][  0]LogConfig: Set CVar [[r.BloomQuality:5]]
[2026.09.27-13.48.39:878][  0]LogConfig: Set CVar [[r.Bloom.ScreenPercentage:50.000]]
[2026.09.27-13.48.39:878][  0]LogConfig: Set CVar [[r.FastBlurThreshold:100]]
[2026.09.27-13.48.39:878][  0]LogConfig: Set CVar [[r.Upscale.Quality:3]]
[2026.09.27-13.48.39:878][  0]LogConfig: Set CVar [[r.LightShaftQuality:1]]
[2026.09.27-13.48.39:878][  0]LogConfig: Set CVar [[r.Filter.SizeScale:1]]
[2026.09.27-13.48.39:878][  0]LogConfig: Set CVar [[r.Tonemapper.Quality:5]]
[2026.09.27-13.48.39:878][  0]LogConfig: Set CVar [[r.DOF.Gather.ResolutionDivisor:2         ; lower gathering resolution]]
[2026.09.27-13.48.39:878][  0]LogConfig: Set CVar [[r.DOF.Gather.AccumulatorQuality:1        ; higher gathering accumulator quality]]
[2026.09.27-13.48.39:878][  0]LogConfig: Set CVar [[r.DOF.Gather.PostfilterMethod:1          ; Median3x3 postfilering method]]
[2026.09.27-13.48.39:878][  0]LogConfig: Set CVar [[r.DOF.Gather.EnableBokehSettings:0       ; no bokeh simulation when gathering]]
[2026.09.27-13.48.39:878][  0]LogConfig: Set CVar [[r.DOF.Gather.RingCount:4                 ; medium number of samples when gathering]]
[2026.09.27-13.48.39:878][  0]LogConfig: Set CVar [[r.DOF.Scatter.ForegroundCompositing:1    ; additive foreground scattering]]
[2026.09.27-13.48.39:878][  0]LogConfig: Set CVar [[r.DOF.Scatter.BackgroundCompositing:2    ; additive background scattering]]
[2026.09.27-13.48.39:878][  0]LogConfig: Set CVar [[r.DOF.Scatter.EnableBokehSettings:1      ; bokeh simulation when scattering]]
[2026.09.27-13.48.39:878][  0]LogConfig: Set CVar [[r.DOF.Scatter.MaxSpriteRatio:0.1         ; only a maximum of 10% of scattered bokeh]]
[2026.09.27-13.48.39:878][  0]LogConfig: Set CVar [[r.DOF.Recombine.Quality:1                ; cheap slight out of focus]]
[2026.09.27-13.48.39:878][  0]LogConfig: Set CVar [[r.DOF.Recombine.EnableBokehSettings:0    ; no bokeh simulation on slight out of focus]]
[2026.09.27-13.48.39:878][  0]LogConfig: Set CVar [[r.DOF.TemporalAAQuality:1                ; more stable temporal accumulation]]
[2026.09.27-13.48.39:878][  0]LogConfig: Set CVar [[r.DOF.Kernel.MaxForegroundRadius:0.025]]
[2026.09.27-13.48.39:878][  0]LogConfig: Set CVar [[r.DOF.Kernel.MaxBackgroundRadius:0.025]]
[2026.09.27-13.48.39:878][  0]LogConfig: Applying CVar settings from Section [TextureQuality@3] File [Scalability]
[2026.09.27-13.48.39:878][  0]LogConfig: Set CVar [[r.Streaming.MipBias:0]]
[2026.09.27-13.48.39:878][  0]LogConfig: Set CVar [[r.Streaming.AmortizeCPUToGPUCopy:0]]
[2026.09.27-13.48.39:878][  0]LogConfig: Set CVar [[r.Streaming.MaxNumTexturesToStreamPerFrame:0]]
[2026.09.27-13.48.39:878][  0]LogConfig: Set CVar [[r.Streaming.Boost:1]]
[2026.09.27-13.48.39:878][  0]LogConfig: Set CVar [[r.MaxAnisotropy:8]]
[2026.09.27-13.48.39:878][  0]LogConfig: Set CVar [[r.VT.MaxAnisotropy:8]]
[2026.09.27-13.48.39:878][  0]LogConfig: Set CVar [[r.Streaming.LimitPoolSizeToVRAM:0]]
[2026.09.27-13.48.39:878][  0]LogConfig: Set CVar [[r.Streaming.PoolSize:1000]]
[2026.09.27-13.48.39:878][  0]LogConfig: Set CVar [[r.Streaming.MaxEffectiveScreenSize:0]]
[2026.09.27-13.48.39:878][  0]LogConfig: Applying CVar settings from Section [EffectsQuality@3] File [Scalability]
[2026.09.27-13.48.39:878][  0]LogConfig: Set CVar [[r.TranslucencyLightingVolumeDim:64]]
[2026.09.27-13.48.39:878][  0]LogConfig: Set CVar [[r.RefractionQuality:2]]
[2026.09.27-13.48.39:878][  0]LogConfig: Set CVar [[r.SceneColorFormat:4]]
[2026.09.27-13.48.39:878][  0]LogConfig: Set CVar [[r.DetailMode:2]]
[2026.09.27-13.48.39:878][  0]LogConfig: Set CVar [[r.TranslucencyVolumeBlur:1]]
[2026.09.27-13.48.39:878][  0]LogConfig: Set CVar [[r.MaterialQualityLevel:1 ; High quality]]
[2026.09.27-13.48.39:878][  0]LogConfig: Set CVar [[r.SSS.Scale:1]]
[2026.09.27-13.48.39:878][  0]LogConfig: Set CVar [[r.SSS.SampleSet:2]]
[2026.09.27-13.48.39:878][  0]LogConfig: Set CVar [[r.SSS.Quality:1]]
[2026.09.27-13.48.39:878][  0]LogConfig: Set CVar [[r.SSS.HalfRes:0]]
[2026.09.27-13.48.39:879][  0]LogConfig: Set CVar [[r.SSGI.Quality:3]]
[2026.09.27-13.48.39:879][  0]LogConfig: Set CVar [[r.EmitterSpawnRateScale:1.0]]
[2026.09.27-13.48.39:879][  0]LogConfig: Set CVar [[r.ParticleLightQuality:2]]
[2026.09.27-13.48.39:879][  0]LogConfig: Set CVar [[r.SkyAtmosphere.AerialPerspectiveLUT.FastApplyOnOpaque:1 ; Always have FastSkyLUT 1 in this case to avoid wrong sky]]
[2026.09.27-13.48.39:879][  0]LogConfig: Set CVar [[r.SkyAtmosphere.AerialPerspectiveLUT.SampleCountMaxPerSlice:4]]
[2026.09.27-13.48.39:879][  0]LogConfig: Set CVar [[r.SkyAtmosphere.AerialPerspectiveLUT.DepthResolution:16.0]]
[2026.09.27-13.48.39:879][  0]LogConfig: Set CVar [[r.SkyAtmosphere.FastSkyLUT:1]]
[2026.09.27-13.48.39:879][  0]LogConfig: Set CVar [[r.SkyAtmosphere.FastSkyLUT.SampleCountMin:4.0]]
[2026.09.27-13.48.39:879][  0]LogConfig: Set CVar [[r.SkyAtmosphere.FastSkyLUT.SampleCountMax:128.0]]
[2026.09.27-13.48.39:879][  0]LogConfig: Set CVar [[r.SkyAtmosphere.SampleCountMin:4.0]]
[2026.09.27-13.48.39:879][  0]LogConfig: Set CVar [[r.SkyAtmosphere.SampleCountMax:128.0]]
[2026.09.27-13.48.39:879][  0]LogConfig: Set CVar [[r.SkyAtmosphere.TransmittanceLUT.UseSmallFormat:0]]
[2026.09.27-13.48.39:879][  0]LogConfig: Set CVar [[r.SkyAtmosphere.TransmittanceLUT.SampleCount:10.0]]
[2026.09.27-13.48.39:879][  0]LogConfig: Set CVar [[r.SkyAtmosphere.MultiScatteringLUT.SampleCount:15.0]]
[2026.09.27-13.48.39:879][  0]LogConfig: Set CVar [[r.SkyLight.RealTimeReflectionCapture:1]]
[2026.09.27-13.48.39:879][  0]LogConfig: CVar [[fx.Niagara.QualityLevel:3]] deferred - dummy variable created
[2026.09.27-13.48.39:879][  0]LogConfig: Set CVar [[r.Refraction.OffsetQuality:1]]
[2026.09.27-13.48.39:879][  0]LogConfig: Applying CVar settings from Section [FoliageQuality@3] File [Scalability]
[2026.09.27-13.48.39:879][  0]LogConfig: Set CVar [[foliage.DensityScale:1.0]]
[2026.09.27-13.48.39:879][  0]LogConfig: Set CVar [[grass.DensityScale:1.0]]
[2026.09.27-13.48.39:879][  0]LogConfig: Applying CVar settings from Section [ShadingQuality@3] File [Scalability]
[2026.09.27-13.48.39:879][  0]LogConfig: Set CVar [[r.HairStrands.SkyLighting.IntegrationType:2]]
[2026.09.27-13.48.39:879][  0]LogConfig: Set CVar [[r.HairStrands.SkyAO.SampleCount:4]]
[2026.09.27-13.48.39:879][  0]LogConfig: Set CVar [[r.HairStrands.Visibility.MSAA.SamplePerPixel:4]]
[2026.09.27-13.48.39:879][  0]LogConfig: Set CVar [[r.AnisotropicMaterials:1]]
[2026.09.27-13.48.39:880][  0]LogInit: Selected Device Profile: [WindowsEditor]
[2026.09.27-13.48.39:880][  0]LogHAL: Display: Platform has ~ 32 GB [34212790272 / 34359738368 / 32], which maps to Largest [LargestMinGB=32, LargerMinGB=12, DefaultMinGB=8, SmallerMinGB=6, SmallestMinGB=0)
[2026.09.27-13.48.39:880][  0]LogDeviceProfileManager: Going up to parent DeviceProfile [Windows]
[2026.09.27-13.48.39:880][  0]LogDeviceProfileManager: Going up to parent DeviceProfile []
[2026.09.27-13.48.39:880][  0]LogConfig: Applying CVar settings from Section [Startup] File [../../../Engine/Config/ConsoleVariables.ini]
[2026.09.27-13.48.39:880][  0]LogConfig: Set CVar [[r.DumpShaderDebugInfo:2]]
[2026.09.27-13.48.39:880][  0]LogConfig: Set CVar [[p.chaos.AllowCreatePhysxBodies:1]]
[2026.09.27-13.48.39:880][  0]LogConfig: Set CVar [[fx.SkipVectorVMBackendOptimizations:1]]
[2026.09.27-13.48.39:880][  0]LogConfig: Applying CVar settings from Section [ConsoleVariables] File [Engine]
[2026.09.27-13.48.39:880][  0]LogConfig: Applying CVar settings from Section [ConsoleVariables] File [G:/UE/project/workdemo/Saved/Config/WindowsEditor/Editor.ini]
[2026.09.27-13.48.39:880][  0]LogInit: Computer: SK-20220111YSRP
[2026.09.27-13.48.39:880][  0]LogInit: User: CodexSandboxOffline
[2026.09.27-13.48.39:880][  0]LogInit: CPU Page size=4096, Cores=12
[2026.09.27-13.48.39:880][  0]LogInit: High frequency timer resolution =10.000000 MHz
[2026.09.27-13.48.39:880][  0]LogMemory: Memory total: Physical=31.9GB (32GB approx)
[2026.09.27-13.48.39:880][  0]LogMemory: Platform Memory Stats for WindowsEditor
[2026.09.27-13.48.39:880][  0]LogMemory: Process Physical Memory: 463.29 MB used, 463.29 MB peak
[2026.09.27-13.48.39:880][  0]LogMemory: Process Virtual Memory: 464.83 MB used, 464.83 MB peak
[2026.09.27-13.48.39:880][  0]LogMemory: Physical Memory: 16101.48 MB used,  16526.38 MB free, 32627.86 MB total
[2026.09.27-13.48.39:880][  0]LogMemory: Virtual Memory: 22181.36 MB used,  19150.50 MB free, 41331.86 MB total
[2026.09.27-13.48.39:880][  0]LogCsvProfiler: Display: Metadata set : extradevelopmentmemorymb="0"
[2026.09.27-13.48.39:886][  0]LogWindows: WindowsPlatformFeatures enabled
[2026.09.27-13.48.39:894][  0]LogInit: Physics initialised using underlying interface: Chaos
[2026.09.27-13.48.39:894][  0]LogInit: Using OS detected language (zh-CN).
[2026.09.27-13.48.39:894][  0]LogInit: Using OS detected locale (zh-CN).
[2026.09.27-13.48.39:895][  0]LogTextLocalizationManager: No specific localization for 'zh-CN' exists, so 'zh-Hans' will be used for the language.
[2026.09.27-13.48.40:057][  0]LogTextLocalizationResource: LocRes '../../../Engine/Content/Localization/Editor/zh/Editor.locres' could not be opened for reading!
[2026.09.27-13.48.40:057][  0]LogTextLocalizationResource: LocRes '../../../Engine/Content/Localization/EditorTutorials/zh/EditorTutorials.locres' could not be opened for reading!
[2026.09.27-13.48.40:057][  0]LogTextLocalizationResource: LocRes '../../../Engine/Content/Localization/Keywords/zh/Keywords.locres' could not be opened for reading!
[2026.09.27-13.48.40:057][  0]LogTextLocalizationResource: LocRes '../../../Engine/Content/Localization/Category/zh/Category.locres' could not be opened for reading!
[2026.09.27-13.48.40:057][  0]LogTextLocalizationResource: LocRes '../../../Engine/Content/Localization/ToolTips/zh/ToolTips.locres' could not be opened for reading!
[2026.09.27-13.48.40:057][  0]LogTextLocalizationResource: LocRes '../../../Engine/Content/Localization/PropertyNames/zh/PropertyNames.locres' could not be opened for reading!
[2026.09.27-13.48.40:057][  0]LogTextLocalizationResource: LocRes '../../../Engine/Content/Localization/Engine/zh/Engine.locres' could not be opened for reading!
[2026.09.27-13.48.40:057][  0]LogTextLocalizationResource: LocRes '../../../Engine/Plugins/Online/OnlineSubsystem/Content/Localization/OnlineSubsystem/zh/OnlineSubsystem.locres' could not be opened for reading!
[2026.09.27-13.48.40:057][  0]LogTextLocalizationResource: LocRes '../../../Engine/Plugins/Online/OnlineSubsystemUtils/Content/Localization/OnlineSubsystemUtils/zh/OnlineSubsystemUtils.locres' could not be opened for reading!
[2026.09.27-13.48.40:057][  0]LogTextLocalizationResource: LocRes '../../../Engine/Plugins/Online/Android/OnlineSubsystemGooglePlay/Content/Localization/OnlineSubsystemGooglePlay/zh/OnlineSubsystemGooglePlay.locres' could not be opened for reading!
[2026.09.27-13.48.40:058][  0]LogTextLocalizationResource: LocRes '../../../Engine/Plugins/Online/IOS/OnlineSubsystemIOS/Content/Localization/OnlineSubsystemIOS/zh/OnlineSubsystemIOS.locres' could not be opened for reading!
[2026.09.27-13.48.40:219][  0]LogVRS: Current RHI does not support Variable Rate Shading
[2026.09.27-13.48.40:275][  0]LogTextureFormatManager: Display: Loaded Base TextureFormat: TextureFormatASTC
[2026.09.27-13.48.40:275][  0]LogTextureFormatManager: Display: Loaded Base TextureFormat: TextureFormatDXT
[2026.09.27-13.48.40:275][  0]LogTextureFormatManager: Display: Loaded Base TextureFormat: TextureFormatETC2
[2026.09.27-13.48.40:275][  0]LogTextureFormatManager: Display: Loaded Base TextureFormat: TextureFormatIntelISPCTexComp
[2026.09.27-13.48.40:275][  0]LogTextureFormatManager: Display: Loaded Base TextureFormat: TextureFormatUncompressed
[2026.09.27-13.48.40:275][  0]LogTextureFormatOodle: Display: Oodle Texture TFO init; latest sdk version = 2.9.10
[2026.09.27-13.48.40:275][  0]LogTextureFormatOodle: Display: Oodle Texture loading DLL: oo2tex_win64_2.9.5.dll
[2026.09.27-13.48.40:275][  0]LogTextureFormatOodle: Display: Oodle Texture loading DLL: oo2tex_win64_2.9.6.dll
[2026.09.27-13.48.40:275][  0]LogTextureFormatOodle: Display: Oodle Texture loading DLL: oo2tex_win64_2.9.7.dll
[2026.09.27-13.48.40:275][  0]LogTextureFormatOodle: Display: Oodle Texture loading DLL: oo2tex_win64_2.9.8.dll
[2026.09.27-13.48.40:276][  0]LogTextureFormatOodle: Display: Oodle Texture loading DLL: oo2tex_win64_2.9.9.dll
[2026.09.27-13.48.40:276][  0]LogTextureFormatOodle: Display: Oodle Texture loading DLL: oo2tex_win64_2.9.10.dll
[2026.09.27-13.48.40:276][  0]LogTextureFormatManager: Display: Loaded Base TextureFormat: TextureFormatOodle
[2026.09.27-13.48.40:289][  0]LogTargetPlatformManager: Display: Loaded TargetPlatform 'Android'
[2026.09.27-13.48.40:289][  0]LogTargetPlatformManager: Display: Loaded TargetPlatform 'Android_ASTC'
[2026.09.27-13.48.40:289][  0]LogTargetPlatformManager: Display: Loaded TargetPlatform 'Android_DXT'
[2026.09.27-13.48.40:289][  0]LogTargetPlatformManager: Display: Loaded TargetPlatform 'Android_ETC2'
[2026.09.27-13.48.40:289][  0]LogTargetPlatformManager: Display: Loaded TargetPlatform 'AndroidClient'
[2026.09.27-13.48.40:289][  0]LogTargetPlatformManager: Display: Loaded TargetPlatform 'Android_ASTCClient'
[2026.09.27-13.48.40:289][  0]LogTargetPlatformManager: Display: Loaded TargetPlatform 'Android_DXTClient'
[2026.09.27-13.48.40:289][  0]LogTargetPlatformManager: Display: Loaded TargetPlatform 'Android_ETC2Client'
[2026.09.27-13.48.40:289][  0]LogTargetPlatformManager: Display: Loaded TargetPlatform 'Android_Multi'
[2026.09.27-13.48.40:289][  0]LogTargetPlatformManager: Display: Loaded TargetPlatform 'Android_MultiClient'
[2026.09.27-13.48.40:292][  0]LogTargetPlatformManager: Display: Loaded TargetPlatform 'IOS'
[2026.09.27-13.48.40:292][  0]LogTargetPlatformManager: Display: Loaded TargetPlatform 'IOSClient'
[2026.09.27-13.48.40:296][  0]LogTargetPlatformManager: Display: Loaded TargetPlatform 'Linux'
[2026.09.27-13.48.40:296][  0]LogTargetPlatformManager: Display: Loaded TargetPlatform 'LinuxEditor'
[2026.09.27-13.48.40:296][  0]LogTargetPlatformManager: Display: Loaded TargetPlatform 'LinuxServer'
[2026.09.27-13.48.40:296][  0]LogTargetPlatformManager: Display: Loaded TargetPlatform 'LinuxClient'
[2026.09.27-13.48.40:298][  0]LogTargetPlatformManager: Display: Loaded TargetPlatform 'LinuxArm64'
[2026.09.27-13.48.40:298][  0]LogTargetPlatformManager: Display: Loaded TargetPlatform 'LinuxArm64Server'
[2026.09.27-13.48.40:298][  0]LogTargetPlatformManager: Display: Loaded TargetPlatform 'LinuxArm64Client'
[2026.09.27-13.48.40:317][  0]LogTargetPlatformManager: Display: Loaded TargetPlatform 'Mac'
[2026.09.27-13.48.40:317][  0]LogTargetPlatformManager: Display: Loaded TargetPlatform 'MacEditor'
[2026.09.27-13.48.40:317][  0]LogTargetPlatformManager: Display: Loaded TargetPlatform 'MacServer'
[2026.09.27-13.48.40:317][  0]LogTargetPlatformManager: Display: Loaded TargetPlatform 'MacClient'
[2026.09.27-13.48.40:319][  0]LogTargetPlatformManager: Display: Loaded TargetPlatform 'TVOS'
[2026.09.27-13.48.40:319][  0]LogTargetPlatformManager: Display: Loaded TargetPlatform 'TVOSClient'
[2026.09.27-13.48.40:325][  0]LogTargetPlatformManager: Display: Loaded TargetPlatform 'Windows'
[2026.09.27-13.48.40:325][  0]LogTargetPlatformManager: Display: Loaded TargetPlatform 'WindowsEditor'
[2026.09.27-13.48.40:325][  0]LogTargetPlatformManager: Display: Loaded TargetPlatform 'WindowsServer'
[2026.09.27-13.48.40:325][  0]LogTargetPlatformManager: Display: Loaded TargetPlatform 'WindowsClient'
[2026.09.27-13.48.40:326][  0]LogTargetPlatformManager: Display: Building Assets For WindowsEditor
[2026.09.27-13.48.40:332][  0]LogAudioDebug: Display: Lib vorbis DLL was dynamically loaded.
[2026.09.27-13.48.40:382][  0]LogTargetPlatformManager: Unable to find shader format SF_METAL from hinted modules, loading all potential format modules to find it
[2026.09.27-13.48.40:385][  0]LogTargetPlatformManager: Loaded format module MetalShaderFormat
[2026.09.27-13.48.40:385][  0]LogTargetPlatformManager:   SF_METAL
[2026.09.27-13.48.40:385][  0]LogTargetPlatformManager:   SF_METAL_MRT
[2026.09.27-13.48.40:385][  0]LogTargetPlatformManager:   SF_METAL_TVOS
[2026.09.27-13.48.40:385][  0]LogTargetPlatformManager:   SF_METAL_MRT_TVOS
[2026.09.27-13.48.40:385][  0]LogTargetPlatformManager:   SF_METAL_SM5
[2026.09.27-13.48.40:385][  0]LogTargetPlatformManager:   SF_METAL_SM6
[2026.09.27-13.48.40:385][  0]LogTargetPlatformManager:   SF_METAL_SIM
[2026.09.27-13.48.40:385][  0]LogTargetPlatformManager:   SF_METAL_MACES3_1
[2026.09.27-13.48.40:385][  0]LogTargetPlatformManager:   SF_METAL_MRT_MAC
[2026.09.27-13.48.40:385][  0]LogTargetPlatformManager: Loaded format module ShaderFormatD3D
[2026.09.27-13.48.40:385][  0]LogTargetPlatformManager:   PCD3D_SM6
[2026.09.27-13.48.40:385][  0]LogTargetPlatformManager:   PCD3D_SM5
[2026.09.27-13.48.40:385][  0]LogTargetPlatformManager:   PCD3D_ES31
[2026.09.27-13.48.40:385][  0]LogTargetPlatformManager: Loaded format module ShaderFormatOpenGL
[2026.09.27-13.48.40:385][  0]LogTargetPlatformManager:   GLSL_150_ES31
[2026.09.27-13.48.40:385][  0]LogTargetPlatformManager:   GLSL_ES3_1_ANDROID
[2026.09.27-13.48.40:385][  0]LogTargetPlatformManager: Loaded format module ShaderFormatVectorVM
[2026.09.27-13.48.40:385][  0]LogTargetPlatformManager:   VVM_1_0
[2026.09.27-13.48.40:385][  0]LogTargetPlatformManager: Loaded format module VulkanShaderFormat
[2026.09.27-13.48.40:385][  0]LogTargetPlatformManager:   SF_VULKAN_SM5
[2026.09.27-13.48.40:385][  0]LogTargetPlatformManager:   SF_VULKAN_ES31_ANDROID
[2026.09.27-13.48.40:385][  0]LogTargetPlatformManager:   SF_VULKAN_ES31
[2026.09.27-13.48.40:385][  0]LogTargetPlatformManager:   SF_VULKAN_SM5_ANDROID
[2026.09.27-13.48.40:385][  0]LogTargetPlatformManager:   SF_VULKAN_SM6
[2026.09.27-13.48.40:385][  0]LogRendererCore: Ray tracing is disabled. Reason: disabled through project setting (r.RayTracing=0).
[2026.09.27-13.48.40:387][  0]LogDerivedDataCache: Display: Memory: Max Cache Size: -1 MB
[2026.09.27-13.48.40:387][  0]LogDerivedDataCache: FDerivedDataBackendGraph: Pak pak cache file ../../../../../project/workdemo/DerivedDataCache/DDC.ddp not found, will not use a pak cache.
[2026.09.27-13.48.40:387][  0]LogDerivedDataCache: Unable to find inner node Pak for hierarchy Hierarchy.
[2026.09.27-13.48.40:387][  0]LogDerivedDataCache: FDerivedDataBackendGraph: CompressedPak pak cache file ../../../../../project/workdemo/DerivedDataCache/Compressed.ddp not found, will not use a pak cache.
[2026.09.27-13.48.40:387][  0]LogDerivedDataCache: Unable to find inner node CompressedPak for hierarchy Hierarchy.
[2026.09.27-13.48.40:422][  0]LogDerivedDataCache: Display: ../../../Engine/DerivedDataCache/Compressed.ddp: Opened pak cache for reading. (2383 MiB)
[2026.09.27-13.48.40:422][  0]LogDerivedDataCache: FDerivedDataBackendGraph: EnterprisePak pak cache file ../../../Enterprise/DerivedDataCache/Compressed.ddp not found, will not use a pak cache.
[2026.09.27-13.48.40:422][  0]LogDerivedDataCache: Unable to find inner node EnterprisePak for hierarchy Hierarchy.
[2026.09.27-13.48.40:424][  0]LogDerivedDataCache: Warning: C:/Users/Administrator/AppData/Local/UnrealEngine/Common/DerivedDataCache: Failed to write to C:/Users/Administrator/AppData/Local/UnrealEngine/Common/DerivedDataCache/TestData/AA0F78CE4520FD395315EAA7297705FA/TestData/0/TestData_4kb.dat, this cache store will be disabled. ReadError: 3 (系统找不到指定的路径。)
[2026.09.27-13.48.40:424][  0]LogDerivedDataCache: C:/Users/Administrator/AppData/Local/UnrealEngine/Common/DerivedDataCache: Speed tests took 0.00 seconds.
[2026.09.27-13.48.40:424][  0]LogDerivedDataCache: Display: C:/Users/Administrator/AppData/Local/UnrealEngine/Common/DerivedDataCache: Performance: Latency=0.03ms. RandomReadSpeed=2074.27MBs, RandomWriteSpeed=0.00MBs. Assigned SpeedClass 'Local'
[2026.09.27-13.48.40:425][  0]LogDerivedDataCache: Local: Using data cache path C:/Users/Administrator/AppData/Local/UnrealEngine/Common/DerivedDataCache: ReadOnly
[2026.09.27-13.48.40:425][  0]LogDerivedDataCache: Shared: Disabled because no path is configured.
[2026.09.27-13.48.40:425][  0]LogDerivedDataCache: Unable to find inner node Shared for hierarchy Hierarchy.
[2026.09.27-13.48.40:425][  0]LogDerivedDataCache: Cloud: Disabled because Host is set to 'None'
[2026.09.27-13.48.40:425][  0]LogDerivedDataCache: Unable to find inner node Cloud for hierarchy Hierarchy.
[2026.09.27-13.48.40:425][  0]LogShaderCompilers: Guid format shader working directory is 3 characters bigger than the processId version (../../../../../project/workdemo/Intermediate/Shaders/WorkingDirectory/30012/).
[2026.09.27-13.48.40:425][  0]LogShaderCompilers: Cleaned the shader compiler working directory 'C:/Users/Administrator/UnrealShaderWorkingDir/4505B103475F60D1A38F40BF3CE4F5AD/'.
[2026.09.27-13.48.40:425][  0]LogXGEController: Cannot use XGE Controller as Incredibuild is not installed on this machine.
[2026.09.27-13.48.40:425][  0]LogShaderCompilers: Display: Using Local Shader Compiler with 17 workers.
[2026.09.27-13.48.41:247][  0]LogShaderCompilers: Display: Compiling shader autogen file: ../../../../../project/workdemo/Intermediate/ShaderAutogen/PCD3D_SM5/AutogenShaderHeaders.ush
[2026.09.27-13.48.41:247][  0]LogShaderCompilers: Display: Autogen file is unchanged, skipping write.
[2026.09.27-13.48.41:249][  0]LogAssetRegistry: FAssetRegistry took 0.0004 seconds to start up
[2026.09.27-13.48.41:256][  0]LogEditorDomain: Display: EditorDomain is Disabled
[2026.09.27-13.48.41:401][  0]LogDeviceProfileManager: Display: Deviceprofile LinuxArm64Editor not found.
[2026.09.27-13.48.41:401][  0]LogDeviceProfileManager: Display: Deviceprofile LinuxArm64 not found.
[2026.09.27-13.48.41:522][  0]LogDeviceProfileManager: Available device profiles:
[2026.09.27-13.48.41:522][  0]LogDeviceProfileManager: 	[00000B3302623800][00000B32FFA6A000 66] GlobalDefaults, 
[2026.09.27-13.48.41:522][  0]LogDeviceProfileManager: 	[00000B3302623C00][00000B32FFA65000 66] Windows, 
[2026.09.27-13.48.41:522][  0]LogDeviceProfileManager: 	[00000B3302623E00][00000B32FFA60000 66] WindowsEditor, 
[2026.09.27-13.48.41:522][  0]LogDeviceProfileManager: 	[00000B3302623000][00000B32FFA67800 66] WindowsServer, 
[2026.09.27-13.48.41:522][  0]LogDeviceProfileManager: 	[00000B3302622E00][00000B32FFA6C800 66] WindowsClient, 
[2026.09.27-13.48.41:522][  0]LogDeviceProfileManager: 	[00000B3302622600][00000B32F8530000 66] IOS, 
[2026.09.27-13.48.41:522][  0]LogDeviceProfileManager: 	[00000B3302622200][00000B32E4197800 66] iPadAir2, 
[2026.09.27-13.48.41:522][  0]LogDeviceProfileManager: 	[00000B3302624000][00000B33027F0000 66] IPadPro, 
[2026.09.27-13.48.41:522][  0]LogDeviceProfileManager: 	[00000B3302624200][00000B33027F2800 66] iPadAir3, 
[2026.09.27-13.48.41:522][  0]LogDeviceProfileManager: 	[00000B3302624400][00000B33027F5000 66] iPadAir4, 
[2026.09.27-13.48.41:522][  0]LogDeviceProfileManager: 	[00000B3302624600][00000B33027F7800 66] iPadAir5, 
[2026.09.27-13.48.41:522][  0]LogDeviceProfileManager: 	[00000B3302624800][00000B33027FA000 66] iPadMini4, 
[2026.09.27-13.48.41:522][  0]LogDeviceProfileManager: 	[00000B3302624A00][00000B33027FC800 66] iPadMini5, 
[2026.09.27-13.48.41:522][  0]LogDeviceProfileManager: 	[00000B3302624C00][00000B3302990000 66] iPadMini6, 
[2026.09.27-13.48.41:522][  0]LogDeviceProfileManager: 	[00000B3302624E00][00000B3302992800 66] iPhone6S, 
[2026.09.27-13.48.41:522][  0]LogDeviceProfileManager: 	[00000B3302625000][00000B3302995000 66] iPhone7, 
[2026.09.27-13.48.41:522][  0]LogDeviceProfileManager: 	[00000B3302625200][00000B3302997800 66] iPodTouch7, 
[2026.09.27-13.48.41:522][  0]LogDeviceProfileManager: 	[00000B3302625400][00000B330299A000 66] iPhone6SPlus, 
[2026.09.27-13.48.41:522][  0]LogDeviceProfileManager: 	[00000B3302625600][00000B330299C800 66] iPhone7Plus, 
[2026.09.27-13.48.41:522][  0]LogDeviceProfileManager: 	[00000B3302625800][00000B33029A0000 66] iPhoneSE, 
[2026.09.27-13.48.41:522][  0]LogDeviceProfileManager: 	[00000B3302625A00][00000B33029A2800 66] iPhone8, 
[2026.09.27-13.48.41:522][  0]LogDeviceProfileManager: 	[00000B3302625C00][00000B33029A5000 66] iPhone8Plus, 
[2026.09.27-13.48.41:523][  0]LogDeviceProfileManager: 	[00000B3302625E00][00000B33029A7800 66] iPhoneX, 
[2026.09.27-13.48.41:523][  0]LogDeviceProfileManager: 	[00000B3302626000][00000B33029AA000 66] iPhoneXS, 
[2026.09.27-13.48.41:523][  0]LogDeviceProfileManager: 	[00000B3302626200][00000B33029AC800 66] iPhoneXSMax, 
[2026.09.27-13.48.41:523][  0]LogDeviceProfileManager: 	[00000B3302626400][00000B33029C0000 66] iPhoneXR, 
[2026.09.27-13.48.41:523][  0]LogDeviceProfileManager: 	[00000B3302626600][00000B33029C2800 66] iPhone11, 
[2026.09.27-13.48.41:523][  0]LogDeviceProfileManager: 	[00000B3302626800][00000B33029C5000 66] iPhone11Pro, 
[2026.09.27-13.48.41:523][  0]LogDeviceProfileManager: 	[00000B3302626A00][00000B33029C7800 66] iPhone11ProMax, 
[2026.09.27-13.48.41:523][  0]LogDeviceProfileManager: 	[00000B3302626C00][00000B33029CA000 66] iPhoneSE2, 
[2026.09.27-13.48.41:523][  0]LogDeviceProfileManager: 	[00000B3302626E00][00000B33029CC800 66] iPhone12Mini, 
[2026.09.27-13.48.41:523][  0]LogDeviceProfileManager: 	[00000B3302627000][00000B33029D0000 66] iPhone12, 
[2026.09.27-13.48.41:523][  0]LogDeviceProfileManager: 	[00000B3302627200][00000B33029D2800 66] iPhone12Pro, 
[2026.09.27-13.48.41:523][  0]LogDeviceProfileManager: 	[00000B3302627400][00000B33029D5000 66] iPhone12ProMax, 
[2026.09.27-13.48.41:523][  0]LogDeviceProfileManager: 	[00000B3302627600][00000B33029D7800 66] iPhone13Mini, 
[2026.09.27-13.48.41:523][  0]LogDeviceProfileManager: 	[00000B3302627800][00000B33029DA000 66] iPhone13, 
[2026.09.27-13.48.41:523][  0]LogDeviceProfileManager: 	[00000B3302627A00][00000B33029DC800 66] iPhone13Pro, 
[2026.09.27-13.48.41:523][  0]LogDeviceProfileManager: 	[00000B3302627C00][00000B33029E0000 66] iPhone13ProMax, 
[2026.09.27-13.48.41:523][  0]LogDeviceProfileManager: 	[00000B3302627E00][00000B33029E2800 66] iPhoneSE3, 
[2026.09.27-13.48.41:523][  0]LogDeviceProfileManager: 	[00000B3302628000][00000B33029E5000 66] iPhone14, 
[2026.09.27-13.48.41:523][  0]LogDeviceProfileManager: 	[00000B3302628200][00000B33029E7800 66] iPhone14Plus, 
[2026.09.27-13.48.41:523][  0]LogDeviceProfileManager: 	[00000B3302628400][00000B33029EA000 66] iPhone14Pro, 
[2026.09.27-13.48.41:523][  0]LogDeviceProfileManager: 	[00000B3302628600][00000B33029EC800 66] iPhone14ProMax, 
[2026.09.27-13.48.41:523][  0]LogDeviceProfileManager: 	[00000B3302628800][00000B33029F0000 66] iPhone15, 
[2026.09.27-13.48.41:523][  0]LogDeviceProfileManager: 	[00000B3302628A00][00000B33029F2800 66] iPhone15Plus, 
[2026.09.27-13.48.41:523][  0]LogDeviceProfileManager: 	[00000B3302628C00][00000B33029F5000 66] iPhone15Pro, 
[2026.09.27-13.48.41:523][  0]LogDeviceProfileManager: 	[00000B3302628E00][00000B33029F7800 66] iPhone15ProMax, 
[2026.09.27-13.48.41:523][  0]LogDeviceProfileManager: 	[00000B3302629000][00000B33029FA000 66] iPadPro105, 
[2026.09.27-13.48.41:523][  0]LogDeviceProfileManager: 	[00000B3302629200][00000B33029FC800 66] iPadPro129, 
[2026.09.27-13.48.41:523][  0]LogDeviceProfileManager: 	[00000B3302629400][00000B33029B0000 66] iPadPro97, 
[2026.09.27-13.48.41:523][  0]LogDeviceProfileManager: 	[00000B3302629600][00000B33029B2800 66] iPadPro2_129, 
[2026.09.27-13.48.41:523][  0]LogDeviceProfileManager: 	[00000B3302629800][00000B33029B5000 66] iPad5, 
[2026.09.27-13.48.41:523][  0]LogDeviceProfileManager: 	[00000B3302629A00][00000B33029B7800 66] iPad6, 
[2026.09.27-13.48.41:523][  0]LogDeviceProfileManager: 	[00000B3302629C00][00000B33029BA000 66] iPad7, 
[2026.09.27-13.48.41:523][  0]LogDeviceProfileManager: 	[00000B3302629E00][00000B33029BC800 66] iPad8, 
[2026.09.27-13.48.41:523][  0]LogDeviceProfileManager: 	[00000B330262A000][00000B3302A00000 66] iPad9, 
[2026.09.27-13.48.41:523][  0]LogDeviceProfileManager: 	[00000B330262A200][00000B3302A02800 66] iPad10, 
[2026.09.27-13.48.41:523][  0]LogDeviceProfileManager: 	[00000B330262A400][00000B3302A05000 66] iPadPro11, 
[2026.09.27-13.48.41:523][  0]LogDeviceProfileManager: 	[00000B330262A600][00000B3302A07800 66] iPadPro2_11, 
[2026.09.27-13.48.41:523][  0]LogDeviceProfileManager: 	[00000B330262A800][00000B3302A0A000 66] iPadPro3_11, 
[2026.09.27-13.48.41:523][  0]LogDeviceProfileManager: 	[00000B330262AA00][00000B3302A0C800 66] iPadPro4_11, 
[2026.09.27-13.48.41:523][  0]LogDeviceProfileManager: 	[00000B330262AC00][00000B3302A10000 66] iPadPro3_129, 
[2026.09.27-13.48.41:523][  0]LogDeviceProfileManager: 	[00000B330262AE00][00000B3302A12800 66] iPadPro4_129, 
[2026.09.27-13.48.41:523][  0]LogDeviceProfileManager: 	[00000B330262B000][00000B3302A15000 66] iPadPro5_129, 
[2026.09.27-13.48.41:523][  0]LogDeviceProfileManager: 	[00000B330262B200][00000B3302A17800 66] iPadPro6_129, 
[2026.09.27-13.48.41:523][  0]LogDeviceProfileManager: 	[00000B330262B400][00000B3302A1A000 66] AppleTV, 
[2026.09.27-13.48.41:523][  0]LogDeviceProfileManager: 	[00000B330262B600][00000B3302A1C800 66] AppleTV4K, 
[2026.09.27-13.48.41:523][  0]LogDeviceProfileManager: 	[00000B330262B800][00000B3302A20000 66] AppleTV2_4K, 
[2026.09.27-13.48.41:523][  0]LogDeviceProfileManager: 	[00000B330262BA00][00000B3302A22800 66] TVOS, 
[2026.09.27-13.48.41:523][  0]LogDeviceProfileManager: 	[00000B330262BC00][00000B3302A25000 66] Mac, 
[2026.09.27-13.48.41:523][  0]LogDeviceProfileManager: 	[00000B330262BE00][00000B3302A27800 66] MacEditor, 
[2026.09.27-13.48.41:523][  0]LogDeviceProfileManager: 	[00000B330262C000][00000B3302A2A000 66] MacClient, 
[2026.09.27-13.48.41:523][  0]LogDeviceProfileManager: 	[00000B330262C200][00000B3302A2C800 66] MacServer, 
[2026.09.27-13.48.41:523][  0]LogDeviceProfileManager: 	[00000B330262C400][00000B3302A30000 66] Linux, 
[2026.09.27-13.48.41:523][  0]LogDeviceProfileManager: 	[00000B330262C600][00000B3302A32800 66] LinuxEditor, 
[2026.09.27-13.48.41:523][  0]LogDeviceProfileManager: 	[00000B330262C800][00000B3302A35000 66] LinuxArm64Editor, 
[2026.09.27-13.48.41:523][  0]LogDeviceProfileManager: 	[00000B330262CA00][00000B3302A37800 66] LinuxArm64, 
[2026.09.27-13.48.41:523][  0]LogDeviceProfileManager: 	[00000B330262CC00][00000B3302A3A000 66] LinuxClient, 
[2026.09.27-13.48.41:523][  0]LogDeviceProfileManager: 	[00000B330262CE00][00000B3302A3C800 66] LinuxArm64Client, 
[2026.09.27-13.48.41:523][  0]LogDeviceProfileManager: 	[00000B330262D000][00000B3302A40000 66] LinuxServer, 
[2026.09.27-13.48.41:523][  0]LogDeviceProfileManager: 	[00000B330262D200][00000B3302A42800 66] LinuxArm64Server, 
[2026.09.27-13.48.41:523][  0]LogDeviceProfileManager: 	[00000B330262D400][00000B3302A45000 66] Android, 
[2026.09.27-13.48.41:523][  0]LogDeviceProfileManager: 	[00000B330262D600][00000B3302A47800 66] Android_Preview_OpenGL, 
[2026.09.27-13.48.41:523][  0]LogDeviceProfileManager: 	[00000B330262D800][00000B3302A4A000 66] Android_Preview_Vulkan, 
[2026.09.27-13.48.41:523][  0]LogDeviceProfileManager: 	[00000B330262DA00][00000B3302A4C800 66] Android_Low, 
[2026.09.27-13.48.41:523][  0]LogDeviceProfileManager: 	[00000B330262DC00][00000B3302A50000 66] Android_Mid, 
[2026.09.27-13.48.41:523][  0]LogDeviceProfileManager: 	[00000B330262DE00][00000B3302A52800 66] Android_High, 
[2026.09.27-13.48.41:523][  0]LogDeviceProfileManager: 	[00000B330262E000][00000B3302A55000 66] Android_Default, 
[2026.09.27-13.48.41:523][  0]LogDeviceProfileManager: 	[00000B330262E200][00000B3302A57800 66] Android_Adreno4xx, 
[2026.09.27-13.48.41:523][  0]LogDeviceProfileManager: 	[00000B330262E400][00000B3302A5A000 66] Android_Adreno5xx_Low, 
[2026.09.27-13.48.41:523][  0]LogDeviceProfileManager: 	[00000B330262E600][00000B3302A5C800 66] Android_Adreno5xx, 
[2026.09.27-13.48.41:523][  0]LogDeviceProfileManager: 	[00000B330262E800][00000B3302A60000 66] Android_Adreno6xx, 
[2026.09.27-13.48.41:523][  0]LogDeviceProfileManager: 	[00000B330262EA00][00000B3302A62800 66] Android_Adreno6xx_Vulkan, 
[2026.09.27-13.48.41:523][  0]LogDeviceProfileManager: 	[00000B330262EC00][00000B3302A65000 66] Android_Adreno7xx, 
[2026.09.27-13.48.41:523][  0]LogDeviceProfileManager: 	[00000B330262EE00][00000B3302A67800 66] Android_Adreno7xx_Vulkan, 
[2026.09.27-13.48.41:523][  0]LogDeviceProfileManager: 	[00000B330262F000][00000B3302A6A000 66] Android_Mali_T6xx, 
[2026.09.27-13.48.41:523][  0]LogDeviceProfileManager: 	[00000B330262F200][00000B3302A6C800 66] Android_Mali_T7xx, 
[2026.09.27-13.48.41:523][  0]LogDeviceProfileManager: 	[00000B330262F400][00000B3302A70000 66] Android_Mali_T8xx, 
[2026.09.27-13.48.41:523][  0]LogDeviceProfileManager: 	[00000B330262F600][00000B3302A72800 66] Android_Mali_G71, 
[2026.09.27-13.48.41:523][  0]LogDeviceProfileManager: 	[00000B330262F800][00000B3302A75000 66] Android_Mali_G72, 
[2026.09.27-13.48.41:523][  0]LogDeviceProfileManager: 	[00000B330262FA00][00000B3302A77800 66] Android_Mali_G72_Vulkan, 
[2026.09.27-13.48.41:523][  0]LogDeviceProfileManager: 	[00000B330262FC00][00000B3302A7A000 66] Android_Mali_G76, 
[2026.09.27-13.48.41:523][  0]LogDeviceProfileManager: 	[00000B330262FE00][00000B3302A7C800 66] Android_Mali_G76_Vulkan, 
[2026.09.27-13.48.41:523][  0]LogDeviceProfileManager: 	[00000B32F8134A00][00000B3302A80000 66] Android_Mali_G77, 
[2026.09.27-13.48.41:523][  0]LogDeviceProfileManager: 	[00000B3302A90000][00000B3302A82800 66] Android_Mali_G77_Vulkan, 
[2026.09.27-13.48.41:523][  0]LogDeviceProfileManager: 	[00000B3302A90200][00000B3302A85000 66] Android_Mali_G78, 
[2026.09.27-13.48.41:523][  0]LogDeviceProfileManager: 	[00000B3302A90400][00000B3302A87800 66] Android_Mali_G78_Vulkan, 
[2026.09.27-13.48.41:523][  0]LogDeviceProfileManager: 	[00000B3302A90600][00000B3302A8A000 66] Android_Mali_G710, 
[2026.09.27-13.48.41:523][  0]LogDeviceProfileManager: 	[00000B3302A90800][00000B3302A8C800 66] Android_Mali_G710_Vulkan, 
[2026.09.27-13.48.41:523][  0]LogDeviceProfileManager: 	[00000B3302A90C00][00000B3302AA0000 66] Android_Mali_G7xx, 
[2026.09.27-13.48.41:523][  0]LogDeviceProfileManager: 	[00000B3302A90E00][00000B3302AA2800 66] Android_Mali_G7xx_Vulkan, 
[2026.09.27-13.48.41:523][  0]LogDeviceProfileManager: 	[00000B3302A91000][00000B3302AA5000 66] Android_Xclipse_920, 
[2026.09.27-13.48.41:523][  0]LogDeviceProfileManager: 	[00000B3302A91200][00000B3302AA7800 66] Android_Xclipse_920_Vulkan, 
[2026.09.27-13.48.41:523][  0]LogDeviceProfileManager: 	[00000B3302A91600][00000B3302AAA000 66] Android_Vulkan_SM5, 
[2026.09.27-13.48.41:523][  0]LogDeviceProfileManager: 	[00000B3302A91800][00000B3302AAC800 66] Android_PowerVR_G6xxx, 
[2026.09.27-13.48.41:523][  0]LogDeviceProfileManager: 	[00000B3302A91A00][00000B33014A0000 66] Android_PowerVR_GT7xxx, 
[2026.09.27-13.48.41:523][  0]LogDeviceProfileManager: 	[00000B3302A91C00][00000B33014A2800 66] Android_PowerVR_GE8xxx, 
[2026.09.27-13.48.41:523][  0]LogDeviceProfileManager: 	[00000B3302A91E00][00000B33014A5000 66] Android_PowerVR_GM9xxx, 
[2026.09.27-13.48.41:523][  0]LogDeviceProfileManager: 	[00000B3302A92000][00000B33014A7800 66] Android_PowerVR_GM9xxx_Vulkan, 
[2026.09.27-13.48.41:523][  0]LogDeviceProfileManager: 	[00000B3302A92200][00000B33014AA000 66] Android_TegraK1, 
[2026.09.27-13.48.41:523][  0]LogDeviceProfileManager: 	[00000B3302A92400][00000B33014AC800 66] Android_Unknown_Vulkan, 
[2026.09.27-13.48.41:523][  0]LogDeviceProfileManager: 	[00000B3302A92600][00000B33014B0000 66] Oculus_Quest, 
[2026.09.27-13.48.41:523][  0]LogDeviceProfileManager: 	[00000B3302A92800][00000B33014B2800 66] Oculus_Quest2, 
[2026.09.27-13.48.41:523][  0]LogDeviceProfileManager: 	[00000B3302A92A00][00000B33014B5000 66] Meta_Quest_Pro, 
[2026.09.27-13.48.41:523][  0]LogDeviceProfileManager: 	[00000B3302A92C00][00000B33014B7800 66] Meta_Quest_3, 
[2026.09.27-13.48.41:523][  0]LogDeviceProfileManager: 	[00000B3302A92E00][00000B33014BA000 66] HoloLens, 
[2026.09.27-13.48.41:523][  0]LogDeviceProfileManager: 	[00000B3302A93000][00000B33014BC800 66] MagicLeap_Vulkan, 
[2026.09.27-13.48.41:523][  0]LogDeviceProfileManager: Active device profile: [00000B3302623E00][00000B32FFA60000 66] WindowsEditor
[2026.09.27-13.48.41:523][  0]LogCsvProfiler: Display: Metadata set : deviceprofile="WindowsEditor"
[2026.09.27-13.48.41:523][  0]LogShaderCompilers: Display: Compiling shader autogen file: ../../../../../project/workdemo/Intermediate/ShaderAutogen/PCD3D_SM6/AutogenShaderHeaders.ush
[2026.09.27-13.48.41:523][  0]LogShaderCompilers: Display: Autogen file is unchanged, skipping write.
[2026.09.27-13.48.41:538][  0]LogTextureEncodingSettings: Display: Texture Encode Speed: Final (cook).
[2026.09.27-13.48.41:538][  0]LogTextureEncodingSettings: Display: Oodle Texture Encode Speed settings: Fast: RDO Off Lambda=0, Effort=Normal Final: RDO Off Lambda=0, Effort=Normal
[2026.09.27-13.48.41:538][  0]LogTextureEncodingSettings: Display: Shared linear texture encoding: Disabled
[2026.09.27-13.48.41:560][  0]LogMeshReduction: Display: Using QuadricMeshReduction for automatic static mesh reduction
[2026.09.27-13.48.41:560][  0]LogMeshReduction: Display: Using SkeletalMeshReduction for automatic skeletal mesh reduction
[2026.09.27-13.48.41:560][  0]LogMeshReduction: Display: Using ProxyLODMeshReduction for automatic mesh merging
[2026.09.27-13.48.41:560][  0]LogMeshReduction: Display: No distributed automatic mesh merging module available
[2026.09.27-13.48.41:560][  0]LogMeshMerging: No distributed automatic mesh merging module available
[2026.09.27-13.48.41:670][  0]LogVirtualization: Display: VirtualizationSystem name found in ini file: None
[2026.09.27-13.48.41:670][  0]LogVirtualization: Display: FNullVirtualizationSystem mounted, virtualization will be disabled
[2026.09.27-13.48.41:685][  0]LogSlate: Border
[2026.09.27-13.48.41:685][  0]LogSlate: BreadcrumbButton
[2026.09.27-13.48.41:685][  0]LogSlate: Brushes.Title
[2026.09.27-13.48.41:685][  0]LogSlate: Default
[2026.09.27-13.48.41:685][  0]LogSlate: Icons.Save
[2026.09.27-13.48.41:685][  0]LogSlate: Icons.Toolbar.Settings
[2026.09.27-13.48.41:685][  0]LogSlate: ListView
[2026.09.27-13.48.41:685][  0]LogSlate: SoftwareCursor_CardinalCross
[2026.09.27-13.48.41:685][  0]LogSlate: SoftwareCursor_Grab
[2026.09.27-13.48.41:685][  0]LogSlate: TableView.DarkRow
[2026.09.27-13.48.41:685][  0]LogSlate: TableView.Row
[2026.09.27-13.48.41:685][  0]LogSlate: TreeView
[2026.09.27-13.48.41:710][  0]LogCollectionManager: Loaded 0 collections in 0.000999 seconds
[2026.09.27-13.48.41:711][  0]LogFileCache: Scanning file cache for directory 'G:/UE/project/workdemo/Saved/Collections/' took 0.00s
[2026.09.27-13.48.41:712][  0]LogFileCache: Scanning file cache for directory 'G:/UE/project/workdemo/Content/Developers/CodexSandboxOffline/Collections/' took 0.00s
[2026.09.27-13.48.41:713][  0]LogFileCache: Scanning file cache for directory 'G:/UE/project/workdemo/Content/Collections/' took 0.00s
[2026.09.27-13.48.41:713][  0]LogCollectionManager: Fixed up redirectors for 0 collections in 0.000004 seconds (updated 0 objects)
[2026.09.27-13.48.41:737][  0]LogWorldPartition: Display: FWorldPartitionClassDescRegistry::Initialize started...
[2026.09.27-13.48.41:739][  0]LogWorldPartition: Display: FWorldPartitionClassDescRegistry::Initialize took 1 ms
[2026.09.27-13.48.41:868][  0]LogAudio: Display: Registering Engine Module Parameter Interfaces...
[2026.09.27-13.48.41:885][  0]LogMetasoundEngine: MetaSound Engine Initialized
[2026.09.27-13.48.41:938][  0]LogNiagaraDebuggerClient: Niagara Debugger Client Initialized | Session: BB8D601843837C909845BE908ADE317A | Instance: C1A7249B409210A81B9EEF88D73FF893 (SK-20220111YSRP-30012).
[2026.09.27-13.48.42:054][  0]LogPython: Using Python 3.9.7
[2026.09.27-13.48.42:991][  0]LogAndroidPermission: UAndroidPermissionCallbackProxy::GetInstance
[2026.09.27-13.48.43:307][  0]LogSourceControl: Error: 'G:/UE/project/workdemo' is not a valid Git repository
[2026.09.27-13.48.43:368][  0]LogUProjectInfo: Found projects:
[2026.09.27-13.48.43:379][  0]LogAudioCaptureCore: Display: No Audio Capture implementations found. Audio input will be silent.
[2026.09.27-13.48.43:379][  0]LogAudioCaptureCore: Display: No Audio Capture implementations found. Audio input will be silent.
[2026.09.27-13.48.43:543][  0]LogOpenImageDenoise: OIDN starting up
[2026.09.27-13.48.43:653][  0]LogUObjectArray: 36671 objects as part of root set at end of initial load.
[2026.09.27-13.48.43:653][  0]LogUObjectAllocator: 11129568 out of 0 bytes used by permanent object pool.
[2026.09.27-13.48.43:653][  0]LogUObjectArray: CloseDisregardForGC: 0/0 objects in disregard for GC pool
[2026.09.27-13.48.43:653][  0]LogInit: Executing Class /Script/PythonScriptPlugin.PythonScriptCommandlet
[2026.09.27-13.48.43:654][  0]LogInit: Initializing Editor Engine...
[2026.09.27-13.48.43:654][  0]LogEngine: Initializing Engine...
[2026.09.27-13.48.43:659][  0]LogStats: UGameplayTagsManager::InitializeManager -  0.000 s
[2026.09.27-13.48.43:738][  0]LogInit: Initializing FReadOnlyCVARCache
[2026.09.27-13.48.43:740][  0]LogChaos: FPhysicsSolverBase::AsyncDt:-1.000000
[2026.09.27-13.48.43:743][  0]LogAIModule: Creating AISystem for world Untitled
[2026.09.27-13.48.43:744][  0]LogNetVersion: Set ProjectVersion to 1.0.0.0. Version Checksum will be recalculated on next use.
[2026.09.27-13.48.43:744][  0]LogInit: Texture streaming: Disabled
[2026.09.27-13.48.43:749][  0]LogCsvProfiler: Display: Metadata set : largeworldcoordinates="1"
[2026.09.27-13.48.43:751][  0]LogInit: Initializing Editor Engine Completed
[2026.09.27-13.48.44:070][  0]BlueprintLog: New page: 编辑器加载
[2026.09.27-13.48.44:134][  0]LogLevelSequenceEditor: LevelSequenceEditor subsystem initialized.
[2026.09.27-13.48.44:190][  0]LogPython: registering <class 'ControlRigWorkflows.workflow_deformation_rig_preset.provider'>

[2026.09.27-13.48.44:200][  0]Running Python start-up script 'G:/UE/Unreal/UE_5.3/Engine/Plugins/Animation/ControlRig/Content/Python/init_unreal.py': 0.039343 secs
[2026.09.27-13.48.44:203][  0]LogPython: 箱庭测试出生点菜单已加载（11 个区域）
[2026.09.27-13.48.44:203][  0]Running Python start-up script 'G:/UE/project/workdemo/Content/Python/graytown_spawn_menu.py': 0.002500 secs
[2026.09.27-13.48.44:203][  0]LogPythonScriptCommandlet: Display: Running Python script: C:\Users\Administrator\Documents\Codex\2026-09-24\new-chat\audit_elite_gap_fill.py
[2026.09.27-13.48.44:204][  0]Cmd: MAP LOAD FILE="../../../../../project/workdemo/Content/ThirdPerson/Maps/ThirdPersonMap.umap" TEMPLATE=0 SHOWPROGRESS=1 FEATURELEVEL=3
[2026.09.27-13.48.44:204][  0]LightingResults: New page: 光照构建
[2026.09.27-13.48.44:204][  0]LoadErrors: New page: 正在加载地图：ThirdPersonMap.umap
[2026.09.27-13.48.44:205][  0]LogWorld: UWorld::CleanupWorld for Untitled, bSessionEnded=true, bCleanupResources=true
[2026.09.27-13.48.44:214][  0]LogUObjectHash: Compacting FUObjectHashTables data took   0.51ms
[2026.09.27-13.48.44:562][  0]LogDeviceProfileManager: Going up to parent DeviceProfile []
[2026.09.27-13.48.44:581][  0]LogChaos: FPhysicsSolverBase::AsyncDt:-1.000000
[2026.09.27-13.48.44:582][  0]LogAIModule: Creating AISystem for world ThirdPersonMap
[2026.09.27-13.48.44:582][  0]LogWorldPartition: ULevel::OnLevelLoaded(ThirdPersonMap)(bIsOwningWorldGameWorld=0, bIsOwningWorldPartitioned=1, InitializeForMainWorld=1, InitializeForEditor=1, InitializeForGame=0)
[2026.09.27-13.48.44:583][  0]LogWorldPartition: Display: WorldPartition initialize started...
[2026.09.27-13.48.44:583][  0]LogWorldPartition: UWorldPartition::Initialize : World = ThirdPersonMap, World Type = Editor, IsMainWorldPartition = 1, Location = V(0), Rotation = R(0), IsEditor = 1, IsGame = 0, IsPIEWorldTravel = 0, IsCooking = 0
[2026.09.27-13.48.44:841][  0]LogContentBundle: [ThirdPersonMap(独立)] Creating new contrainer.
[2026.09.27-13.48.44:841][  0]LogWorldPartition: Display: WorldPartition initialize took 258 ms
[2026.09.27-13.48.44:846][  0]LogEditorServer: Finished looking for orphan Actors (0.000 secs)
[2026.09.27-13.48.44:851][  0]LogUObjectHash: Compacting FUObjectHashTables data took   0.58ms
[2026.09.27-13.48.44:851][  0]Cmd: MAP CHECKDEP NOCLEARLOG
[2026.09.27-13.48.44:852][  0]MapCheck: 地图检测完成：0个错误、0个警告、完成用时0.835毫秒。
[2026.09.27-13.48.44:854][  0]LogPython: ELITE_GAP_AUDIT_ACTOR label=WB_F_MineV2_A1_EliteArena_B0Gap_Floor class=StaticMeshActor loc=<Struct 'Vector' (0x0000026C68825420) {x: -1511.736951, y: -1942.865190, z: -2020.000000}> rot=<Struct 'Rotator' (0x0000026C68825470) {pitch: -60.223747, yaw: 180.000000, roll: 180.000000}> scale=<Struct 'Vector' (0x0000026C688254C0) {x: 1.823442, y: 8.000000, z: 0.400000}>
[2026.09.27-13.48.44:855][  0]LogPython: ELITE_GAP_AUDIT_ACTOR label=WB_F_MineV2_A1_EliteArena_B0Gap_Wall_Left class=StaticMeshActor loc=<Struct 'Vector' (0x0000026C688252E0) {x: -2068.275473, y: -1870.281250, z: -1660.000000}> rot=<Struct 'Rotator' (0x0000026C68825380) {pitch: -5.120780, yaw: 0.000000, roll: 0.000000}> scale=<Struct 'Vector' (0x0000026C688253D0) {x: 4.277532, y: 0.800000, z: 6.800000}>
[2026.09.27-13.48.44:856][  0]LogPython: ELITE_GAP_AUDIT_ACTOR label=WB_F_MineV2_A1_EliteArena_B0Gap_Wall_Right class=StaticMeshActor loc=<Struct 'Vector' (0x0000026C68825420) {x: -955.198430, y: -2015.449131, z: -1660.000000}> rot=<Struct 'Rotator' (0x0000026C688254C0) {pitch: -20.208542, yaw: 180.000000, roll: 180.000000}> scale=<Struct 'Vector' (0x0000026C68825510) {x: 5.797991, y: 0.800000, z: 6.800000}>
[2026.09.27-13.48.44:856][  0]LogPython: ELITE_GAP_AUDIT_ACTOR label=WB_F_MineV2_A1_EliteArena_ReturnGap_Floor class=StaticMeshActor loc=<Struct 'Vector' (0x0000026C688252E0) {x: 22.295583, y: -3203.082795, z: -2020.000000}> rot=<Struct 'Rotator' (0x0000026C688253D0) {pitch: -68.954277, yaw: 0.000000, roll: 0.000000}> scale=<Struct 'Vector' (0x0000026C68825330) {x: 3.958531, y: 8.000000, z: 0.400000}>
[2026.09.27-13.48.44:857][  0]LogPython: ELITE_GAP_AUDIT_ACTOR label=WB_F_MineV2_A1_EliteArena_ReturnGap_Wall_Left class=StaticMeshActor loc=<Struct 'Vector' (0x0000026C68825420) {x: 21.312520, y: -3669.168714, z: -1660.000000}> rot=<Struct 'Rotator' (0x0000026C68825510) {pitch: 29.355354, yaw: 0.000000, roll: 0.000000}> scale=<Struct 'Vector' (0x0000026C68825470) {x: 2.682072, y: 0.800000, z: 6.800000}>
[2026.09.27-13.48.44:857][  0]LogPython: ELITE_GAP_AUDIT_ACTOR label=WB_F_MineV2_A1_EliteArena_ReturnGap_Wall_Right class=StaticMeshActor loc=<Struct 'Vector' (0x0000026C688252E0) {x: 23.278647, y: -2736.996877, z: -1660.000000}> rot=<Struct 'Rotator' (0x0000026C68825330) {pitch: -85.314545, yaw: 0.000000, roll: 0.000000}> scale=<Struct 'Vector' (0x0000026C68825380) {x: 7.914121, y: 0.800000, z: 6.800000}>
[2026.09.27-13.48.44:858][  0]LogPython: ELITE_GAP_AUDIT_ARENA_OK loc=<Struct 'Vector' (0x0000026C688252E0) {x: -1532.031187, y: -2976.706387, z: -1680.000000}> rot=<Struct 'Rotator' (0x0000026C68825330) {pitch: 0.000000, yaw: -74.999999, roll: 0.000000}> counts=[1, 26]
[2026.09.27-13.48.44:858][  0]LogPython: ELITE_GAP_AUDIT_PASS new_actor_count=6 no_roof_created=true
[2026.09.27-13.48.44:858][  0]LogPythonScriptCommandlet: Display: Python script executed successfully
[2026.09.27-13.48.44:858][  0]LogCore: Engine exit requested (reason: Commandlet PythonScriptCommandlet_0 finished execution (result 0))
[2026.09.27-13.48.44:858][  0]LogInit: Display: 
[2026.09.27-13.48.44:858][  0]LogInit: Display: Warning/Error Summary (Unique only)
[2026.09.27-13.48.44:859][  0]LogInit: Display: -----------------------------------
[2026.09.27-13.48.44:859][  0]LogInit: Display: LogSourceControl: Error: 'G:/UE/project/workdemo' is not a valid Git repository
[2026.09.27-13.48.44:859][  0]LogInit: Display: LogPluginManager: Warning: The same version (v15) of plugin 'BlockoutToolsPlugin' exists at '../../../Engine/Plugins/BlockoutToolsPlugin/BlockoutToolsPlugin.uplugin' and '../../../Engine/Plugins/Marketplace/BlockoutToolsPlugin/BlockoutToolsPlugin.uplugin' - second location will be ignored.
[2026.09.27-13.48.44:860][  0]LogInit: Display: LogSsl: Warning: Unable to open ROOT certificate store. Platform provided certificates will not be used
[2026.09.27-13.48.44:860][  0]LogInit: Display: LogDerivedDataCache: Warning: C:/Users/Administrator/AppData/Local/UnrealEngine/Common/DerivedDataCache: Failed to write to C:/Users/Administrator/AppData/Local/UnrealEngine/Common/DerivedDataCache/TestData/AA0F78CE4520FD395315EAA7297705FA/TestData/0/TestData_4kb.dat, this cache store will be disabled. ReadError: 3 (系统找不到指定的路径。)
[2026.09.27-13.48.44:860][  0]LogInit: Display: 
[2026.09.27-13.48.44:860][  0]LogInit: Display: Failure - 1 error(s), 3 warning(s)
[2026.09.27-13.48.44:861][  0]LogInit: Display: 
Execution of commandlet took:  0.69 seconds
[2026.09.27-13.48.44:861][  0]LogCore: Engine exit requested (reason: EngineExit() was called; note: exit was already requested)
[2026.09.27-13.48.44:861][  0]LogStaticMesh: Abandoning remaining async distance field tasks for shutdown
[2026.09.27-13.48.44:861][  0]LogStaticMesh: Abandoning remaining async card representation tasks for shutdown
[2026.09.27-13.48.44:861][  0]LogWorld: UWorld::CleanupWorld for ThirdPersonMap, bSessionEnded=true, bCleanupResources=true
[2026.09.27-13.48.44:861][  0]LogContentBundle: [ThirdPersonMap(独立)] Deleting container.
[2026.09.27-13.48.44:862][  0]LogLevelSequenceEditor: LevelSequenceEditor subsystem deinitialized.
[2026.09.27-13.48.44:862][  0]LogExit: Preparing to exit.
[2026.09.27-13.48.44:877][  0]LogUObjectHash: Compacting FUObjectHashTables data took   0.59ms
[2026.09.27-13.48.44:960][  0]LogExit: Editor shut down
[2026.09.27-13.48.44:964][  0]LogDemo: Cleaned up 0 splitscreen connections, owner deletion: enabled
[2026.09.27-13.48.45:005][  0]LogExit: Object subsystem successfully closed.
[2026.09.27-13.48.45:010][  0]LogShaderCompilers: Display: ================================================
[2026.09.27-13.48.45:010][  0]LogShaderCompilers: Display: === FShaderJobCache stats ===
[2026.09.27-13.48.45:010][  0]LogShaderCompilers: Display: Total job queries 0, among them cache hits 0 (0.00%)
[2026.09.27-13.48.45:011][  0]LogShaderCompilers: Display: Tracking 0 distinct input hashes that result in 0 distinct outputs (0.00%)
[2026.09.27-13.48.45:011][  0]LogShaderCompilers: Display: RAM used: 240.00 B of 1.60 GiB budget. Usage: 0.00%
[2026.09.27-13.48.45:011][  0]LogShaderCompilers: Display: === Shader Compilation stats ===
[2026.09.27-13.48.45:011][  0]LogShaderCompilers: Display: Shaders Compiled: 0
[2026.09.27-13.48.45:011][  0]LogShaderCompilers: Display: Jobs assigned 0, completed 0 (0%)
[2026.09.27-13.48.45:012][  0]LogShaderCompilers: Display: Time at least one job was in flight (either pending or executed): 0.00 s
[2026.09.27-13.48.45:012][  0]LogShaderCompilers: Display: ================================================
[2026.09.27-13.48.45:121][  0]LogShaderCompilers: Display: Shaders left to compile 0
[2026.09.27-13.48.45:128][  0]LogVirtualization: UE::Virtualization was shutdown
[2026.09.27-13.48.45:140][  0]LogModuleManager: Shutting down and abandoning module DataLayerEditor (874)
[2026.09.27-13.48.45:140][  0]LogModuleManager: Shutting down and abandoning module EditorWidgets (873)
[2026.09.27-13.48.45:140][  0]LogModuleManager: Shutting down and abandoning module ClassViewer (870)
[2026.09.27-13.48.45:140][  0]LogModuleManager: Shutting down and abandoning module StatsViewer (868)
[2026.09.27-13.48.45:140][  0]LogModuleManager: Shutting down and abandoning module IKRigEditor (866)
[2026.09.27-13.48.45:141][  0]LogModuleManager: Shutting down and abandoning module ControlRigEditor (864)
[2026.09.27-13.48.45:141][  0]LogModuleManager: Shutting down and abandoning module TemplateSequenceEditor (862)
[2026.09.27-13.48.45:141][  0]LogModuleManager: Shutting down and abandoning module LevelSequenceEditor (860)
[2026.09.27-13.48.45:141][  0]LogModuleManager: Shutting down and abandoning module ActorSequenceEditor (858)
[2026.09.27-13.48.45:141][  0]LogModuleManager: Shutting down and abandoning module PlanarCut (856)
[2026.09.27-13.48.45:141][  0]LogModuleManager: Shutting down and abandoning module ImgMediaFactory (854)
[2026.09.27-13.48.45:141][  0]LogModuleManager: Shutting down and abandoning module ImgMediaEditor (852)
[2026.09.27-13.48.45:141][  0]LogModuleManager: Shutting down and abandoning module ImgMedia (851)
[2026.09.27-13.48.45:142][  0]LogModuleManager: Shutting down and abandoning module FractureEngine (848)
[2026.09.27-13.48.45:142][  0]LogModuleManager: Shutting down and abandoning module CharacterAI (846)
[2026.09.27-13.48.45:142][  0]LogModuleManager: Shutting down and abandoning module WmfMediaFactory (844)
[2026.09.27-13.48.45:142][  0]LogModuleManager: Shutting down and abandoning module WmfMediaEditor (842)
[2026.09.27-13.48.45:142][  0]LogModuleManager: Shutting down and abandoning module WebMMediaFactory (840)
[2026.09.27-13.48.45:143][  0]LogModuleManager: Shutting down and abandoning module WebMMediaEditor (838)
[2026.09.27-13.48.45:143][  0]LogModuleManager: Shutting down and abandoning module MediaPlayerEditor (836)
[2026.09.27-13.48.45:143][  0]LogModuleManager: Shutting down and abandoning module MediaCompositingEditor (834)
[2026.09.27-13.48.45:143][  0]LogModuleManager: Shutting down and abandoning module SequenceRecorder (833)
[2026.09.27-13.48.45:143][  0]LogModuleManager: Shutting down and abandoning module Persona (832)
[2026.09.27-13.48.45:143][  0]LogModuleManager: Shutting down and abandoning module AdvancedPreviewScene (831)
[2026.09.27-13.48.45:144][  0]LogModuleManager: Shutting down and abandoning module AvfMediaFactory (826)
[2026.09.27-13.48.45:144][  0]LogModuleManager: Shutting down and abandoning module AvfMediaEditor (824)
[2026.09.27-13.48.45:144][  0]LogModuleManager: Shutting down and abandoning module AndroidMediaFactory (822)
[2026.09.27-13.48.45:144][  0]LogModuleManager: Shutting down and abandoning module AndroidMediaEditor (820)
[2026.09.27-13.48.45:144][  0]LogModuleManager: Shutting down and abandoning module TextureAlignMode (818)
[2026.09.27-13.48.45:144][  0]LogModuleManager: Shutting down and abandoning module BspMode (816)
[2026.09.27-13.48.45:145][  0]LogModuleManager: Shutting down and abandoning module GeometryMode (814)
[2026.09.27-13.48.45:145][  0]LogModuleManager: Shutting down and abandoning module EngineAssetDefinitions (812)
[2026.09.27-13.48.45:145][  0]LogModuleManager: Shutting down and abandoning module AudioCaptureEditor (810)
[2026.09.27-13.48.45:145][  0]LogModuleManager: Shutting down and abandoning module WaveTableEditor (808)
[2026.09.27-13.48.45:145][  0]LogModuleManager: Shutting down and abandoning module RigVMEditor (806)
[2026.09.27-13.48.45:145][  0]LogModuleManager: Shutting down and abandoning module Kismet (805)
[2026.09.27-13.48.45:145][  0]LogModuleManager: Shutting down and abandoning module KismetWidgets (804)
[2026.09.27-13.48.45:145][  0]LogModuleManager: Shutting down and abandoning module ResonanceAudioEditor (800)
[2026.09.27-13.48.45:147][  0]LogModuleManager: Shutting down and abandoning module GooglePADEditor (798)
[2026.09.27-13.48.45:147][  0]LogModuleManager: Shutting down and abandoning module AndroidFileServerEditor (796)
[2026.09.27-13.48.45:147][  0]LogModuleManager: Shutting down and abandoning module SmartSnapping (794)
[2026.09.27-13.48.45:147][  0]LogModuleManager: Shutting down and abandoning module CameraShakePreviewer (792)
[2026.09.27-13.48.45:147][  0]LogModuleManager: Shutting down and abandoning module BlockoutToolsEditorPlugin (790)
[2026.09.27-13.48.45:147][  0]LogModuleManager: Shutting down and abandoning module SessionServices (788)
[2026.09.27-13.48.45:147][  0]LogModuleManager: Shutting down and abandoning module MeshPaint (786)
[2026.09.27-13.48.45:147][  0]LogModuleManager: Shutting down and abandoning module VirtualTexturingEditor (784)
[2026.09.27-13.48.45:147][  0]LogModuleManager: Shutting down and abandoning module PlacementMode (783)
[2026.09.27-13.48.45:148][  0]LogModuleManager: Shutting down and abandoning module FoliageEdit (780)
[2026.09.27-13.48.45:148][  0]LogModuleManager: Shutting down and abandoning module LandscapeEditor (778)
[2026.09.27-13.48.45:148][  0]LogModuleManager: Shutting down and abandoning module SceneDepthPickerMode (776)
[2026.09.27-13.48.45:148][  0]LogModuleManager: Shutting down and abandoning module ActorPickerMode (774)
[2026.09.27-13.48.45:148][  0]LogModuleManager: Shutting down and abandoning module SparseVolumeTexture (772)
[2026.09.27-13.48.45:148][  0]LogModuleManager: Shutting down and abandoning module MovieSceneTracks (770)
[2026.09.27-13.48.45:148][  0]LogModuleManager: Shutting down and abandoning module MovieScene (768)
[2026.09.27-13.48.45:148][  0]LogModuleManager: Shutting down and abandoning module StreamingPauseRendering (766)
[2026.09.27-13.48.45:148][  0]LogModuleManager: Shutting down and abandoning module ImageWriteQueue (764)
[2026.09.27-13.48.45:149][  0]LogModuleManager: Shutting down and abandoning module AIModule (762)
[2026.09.27-13.48.45:149][  0]LogModuleManager: Shutting down and abandoning module GameplayDebugger (761)
[2026.09.27-13.48.45:149][  0]LogModuleManager: Shutting down and abandoning module AITestSuite (759)
[2026.09.27-13.48.45:149][  0]LogModuleManager: Shutting down and abandoning module NavigationSystem (757)
[2026.09.27-13.48.45:149][  0]LogModuleManager: Shutting down and abandoning module LevelInstanceEditor (754)
[2026.09.27-13.48.45:149][  0]LogModuleManager: Shutting down and abandoning module TypedElementRuntime (752)
[2026.09.27-13.48.45:150][  0]LogModuleManager: Shutting down and abandoning module TypedElementFramework (750)
[2026.09.27-13.48.45:150][  0]LogModuleManager: Shutting down and abandoning module CacheTrackRecorder (748)
[2026.09.27-13.48.45:150][  0]LogModuleManager: Shutting down and abandoning module TakeRecorderSources (746)
[2026.09.27-13.48.45:150][  0]LogModuleManager: Shutting down and abandoning module TakeTrackRecorders (744)
[2026.09.27-13.48.45:150][  0]LogModuleManager: Shutting down and abandoning module TakesCore (742)
[2026.09.27-13.48.45:150][  0]LogModuleManager: Shutting down and abandoning module AudioSynesthesiaEditor (740)
[2026.09.27-13.48.45:150][  0]LogModuleManager: Shutting down and abandoning module Fab (738)
[2026.09.27-13.48.45:151][  0]LogModuleManager: Shutting down and abandoning module MegascansPlugin (736)
[2026.09.27-13.48.45:151][  0]LogModuleManager: Shutting down and abandoning module Bridge (734)
[2026.09.27-13.48.45:151][  0]LogModuleManager: Shutting down and abandoning module ContentBrowserClassDataSource (732)
[2026.09.27-13.48.45:151][  0]LogModuleManager: Shutting down and abandoning module ContentBrowserAssetDataSource (730)
[2026.09.27-13.48.45:151][  0]LogModuleManager: Shutting down and abandoning module LightMixer (728)
[2026.09.27-13.48.45:151][  0]LogModuleManager: Shutting down and abandoning module ContentBrowserFileDataSource (726)
[2026.09.27-13.48.45:152][  0]LogModuleManager: Shutting down and abandoning module PortableObjectFileDataSource (724)
[2026.09.27-13.48.45:152][  0]LogModuleManager: Shutting down and abandoning module ObjectMixerEditor (722)
[2026.09.27-13.48.45:152][  0]LogModuleManager: Shutting down and abandoning module ACLPluginEditor (720)
[2026.09.27-13.48.45:152][  0]LogModuleManager: Shutting down and abandoning module ControlRigSpline (718)
[2026.09.27-13.48.45:152][  0]LogModuleManager: Shutting down and abandoning module BlendSpaceMotionAnalysis (716)
[2026.09.27-13.48.45:152][  0]LogModuleManager: Shutting down and abandoning module TakeSequencer (714)
[2026.09.27-13.48.45:153][  0]LogModuleManager: Shutting down and abandoning module TakeMovieScene (712)
[2026.09.27-13.48.45:153][  0]LogModuleManager: Shutting down and abandoning module AnimationModifierLibrary (710)
[2026.09.27-13.48.45:153][  0]LogModuleManager: Shutting down and abandoning module ToolPresetEditor (708)
[2026.09.27-13.48.45:153][  0]LogModuleManager: Shutting down and abandoning module ToolPresetAsset (706)
[2026.09.27-13.48.45:153][  0]LogModuleManager: Shutting down and abandoning module TemplateSequence (704)
[2026.09.27-13.48.45:153][  0]LogModuleManager: Shutting down and abandoning module SequencerScriptingEditor (702)
[2026.09.27-13.48.45:153][  0]LogModuleManager: Shutting down and abandoning module SequencerScripting (700)
[2026.09.27-13.48.45:154][  0]LogModuleManager: Shutting down and abandoning module VariantManager (698)
[2026.09.27-13.48.45:154][  0]LogModuleManager: Shutting down and abandoning module VariantManagerContentEditor (697)
[2026.09.27-13.48.45:154][  0]LogModuleManager: Shutting down and abandoning module DatasmithContentEditor (694)
[2026.09.27-13.48.45:154][  0]LogModuleManager: Shutting down and abandoning module InterchangeTestEditor (692)
[2026.09.27-13.48.45:154][  0]LogModuleManager: Shutting down and abandoning module InterchangeTests (690)
[2026.09.27-13.48.45:154][  0]LogModuleManager: Shutting down and abandoning module StructUtilsTestSuite (688)
[2026.09.27-13.48.45:154][  0]LogModuleManager: Shutting down and abandoning module StructUtilsNodes (686)
[2026.09.27-13.48.45:154][  0]LogModuleManager: Shutting down and abandoning module StructUtilsEditor (684)
[2026.09.27-13.48.45:154][  0]LogModuleManager: Shutting down and abandoning module StructUtilsEngine (682)
[2026.09.27-13.48.45:155][  0]LogModuleManager: Shutting down and abandoning module SkeletalMeshModifiers (680)
[2026.09.27-13.48.45:155][  0]LogModuleManager: Shutting down and abandoning module ModelingEditorUI (678)
[2026.09.27-13.48.45:155][  0]LogModuleManager: Shutting down and abandoning module GeometryProcessingAdapters (676)
[2026.09.27-13.48.45:155][  0]LogModuleManager: Shutting down and abandoning module MeshModelingToolsEditorOnlyExp (674)
[2026.09.27-13.48.45:155][  0]LogModuleManager: Shutting down and abandoning module MeshModelingToolsExp (672)
[2026.09.27-13.48.45:155][  0]LogModuleManager: Shutting down and abandoning module OpenImageDenoise (670)
[2026.09.27-13.48.45:155][  0]LogOpenImageDenoise: OIDN shutting down
[2026.09.27-13.48.45:156][  0]LogModuleManager: Shutting down and abandoning module MeshLODToolset (668)
[2026.09.27-13.48.45:156][  0]LogModuleManager: Shutting down and abandoning module LocalizableMessageBlueprint (666)
[2026.09.27-13.48.45:156][  0]LogModuleManager: Shutting down and abandoning module LocalizableMessage (664)
[2026.09.27-13.48.45:156][  0]LogModuleManager: Shutting down and abandoning module GeometryCollectionNodes (662)
[2026.09.27-13.48.45:156][  0]LogModuleManager: Shutting down and abandoning module GeometryCollectionTracks (660)
[2026.09.27-13.48.45:156][  0]LogModuleManager: Shutting down and abandoning module GeometryCollectionEngine (659)
[2026.09.27-13.48.45:157][  0]LogModuleManager: Shutting down and abandoning module GeometryCollectionSequencer (657)
[2026.09.27-13.48.45:157][  0]LogModuleManager: Shutting down and abandoning module GeometryCollectionEditor (654)
[2026.09.27-13.48.45:157][  0]LogModuleManager: Shutting down and abandoning module GeometryFlowMeshProcessingEditor (652)
[2026.09.27-13.48.45:157][  0]LogModuleManager: Shutting down and abandoning module GeometryFlowMeshProcessing (650)
[2026.09.27-13.48.45:157][  0]LogModuleManager: Shutting down and abandoning module GeometryFlowCore (648)
[2026.09.27-13.48.45:157][  0]LogModuleManager: Shutting down and abandoning module DataflowNodes (646)
[2026.09.27-13.48.45:157][  0]LogModuleManager: Shutting down and abandoning module DataflowEnginePlugin (644)
[2026.09.27-13.48.45:158][  0]LogModuleManager: Shutting down and abandoning module DataflowEditor (642)
[2026.09.27-13.48.45:158][  0]LogModuleManager: Shutting down and abandoning module ChaosUserDataPT (640)
[2026.09.27-13.48.45:158][  0]LogModuleManager: Shutting down and abandoning module ChaosSolverEditor (638)
[2026.09.27-13.48.45:158][  0]LogModuleManager: Shutting down and abandoning module ChaosNiagara (636)
[2026.09.27-13.48.45:158][  0]LogModuleManager: Shutting down and abandoning module FractureEditor (634)
[2026.09.27-13.48.45:158][  0]LogModuleManager: Shutting down and abandoning module VisualStudioSourceCodeAccess (632)
[2026.09.27-13.48.45:158][  0]LogModuleManager: Shutting down and abandoning module ChaosClothEditor (630)
[2026.09.27-13.48.45:158][  0]LogModuleManager: Shutting down and abandoning module AutomationUtilsEditor (628)
[2026.09.27-13.48.45:159][  0]LogModuleManager: Shutting down and abandoning module AutomationUtils (626)
[2026.09.27-13.48.45:159][  0]LogModuleManager: Shutting down and abandoning module MediaPlateEditor (624)
[2026.09.27-13.48.45:159][  0]LogModuleManager: Shutting down and abandoning module MediaPlate (622)
[2026.09.27-13.48.45:159][  0]LogModuleManager: Shutting down and abandoning module MediaCompositing (620)
[2026.09.27-13.48.45:159][  0]LogModuleManager: Shutting down and abandoning module MaterialAnalyzer (618)
[2026.09.27-13.48.45:159][  0]LogModuleManager: Shutting down and abandoning module WorldPartitionHLODUtilities (616)
[2026.09.27-13.48.45:159][  0]LogModuleManager: Shutting down and abandoning module UVEditorToolsEditorOnly (614)
[2026.09.27-13.48.45:160][  0]LogModuleManager: Shutting down and abandoning module UVEditorTools (612)
[2026.09.27-13.48.45:160][  0]LogModuleManager: Shutting down and abandoning module UVEditor (610)
[2026.09.27-13.48.45:160][  0]LogModuleManager: Shutting down and abandoning module SpeedTreeImporter (608)
[2026.09.27-13.48.45:160][  0]LogModuleManager: Shutting down and abandoning module ModelingToolsEditorMode (606)
[2026.09.27-13.48.45:160][  0]LogModuleManager: Shutting down and abandoning module PluginBrowser (604)
[2026.09.27-13.48.45:160][  0]LogModuleManager: Shutting down and abandoning module SequencerAnimTools (602)
[2026.09.27-13.48.45:160][  0]LogModuleManager: Shutting down and abandoning module MobileLauncherProfileWizard (600)
[2026.09.27-13.48.45:161][  0]LogModuleManager: Shutting down and abandoning module EditorScriptingUtilities (598)
[2026.09.27-13.48.45:161][  0]LogModuleManager: Shutting down and abandoning module EditorDebugTools (596)
[2026.09.27-13.48.45:161][  0]LogModuleManager: Shutting down and abandoning module CurveEditorTools (594)
[2026.09.27-13.48.45:161][  0]LogModuleManager: Shutting down and abandoning module CryptoKeysOpenSSL (592)
[2026.09.27-13.48.45:161][  0]LogModuleManager: Shutting down and abandoning module CryptoKeys (590)
[2026.09.27-13.48.45:161][  0]LogModuleManager: Shutting down and abandoning module VisualStudioCodeSourceCodeAccess (588)
[2026.09.27-13.48.45:162][  0]LogModuleManager: Shutting down and abandoning module AudioCapture (586)
[2026.09.27-13.48.45:162][  0]LogModuleManager: Shutting down and abandoning module AudioCaptureWasapi (585)
[2026.09.27-13.48.45:162][  0]LogModuleManager: Shutting down and abandoning module ChangelistReview (582)
[2026.09.27-13.48.45:162][  0]LogModuleManager: Shutting down and abandoning module BlueprintHeaderView (580)
[2026.09.27-13.48.45:162][  0]LogModuleManager: Shutting down and abandoning module AlembicImporter (578)
[2026.09.27-13.48.45:162][  0]LogModuleManager: Shutting down and abandoning module AlembicLibrary (577)
[2026.09.27-13.48.45:162][  0]LogModuleManager: Shutting down and abandoning module UObjectPlugin (574)
[2026.09.27-13.48.45:162][  0]LogModuleManager: Shutting down and abandoning module SubversionSourceControl (572)
[2026.09.27-13.48.45:163][  0]LogModuleManager: Shutting down and abandoning module PluginUtils (570)
[2026.09.27-13.48.45:163][  0]LogModuleManager: Shutting down and abandoning module N10XSourceCodeAccess (568)
[2026.09.27-13.48.45:163][  0]LogModuleManager: Shutting down and abandoning module GitSourceControl (566)
[2026.09.27-13.48.45:163][  0]LogModuleManager: Shutting down and abandoning module DumpGPUServices (564)
[2026.09.27-13.48.45:163][  0]LogModuleManager: Shutting down and abandoning module CLionSourceCodeAccess (562)
[2026.09.27-13.48.45:163][  0]LogModuleManager: Shutting down and abandoning module AnimationSharingEd (560)
[2026.09.27-13.48.45:163][  0]LogModuleManager: Shutting down and abandoning module OodleNetworkHandlerComponent (558)
[2026.09.27-13.48.45:164][  0]LogModuleManager: Shutting down and abandoning module InterchangeFbxParser (556)
[2026.09.27-13.48.45:164][  0]LogModuleManager: Shutting down and abandoning module InterchangeCommonParser (554)
[2026.09.27-13.48.45:164][  0]LogModuleManager: Shutting down and abandoning module InterchangeDispatcher (552)
[2026.09.27-13.48.45:164][  0]LogModuleManager: Shutting down and abandoning module InterchangeExport (550)
[2026.09.27-13.48.45:164][  0]LogModuleManager: Shutting down and abandoning module InterchangeMessages (548)
[2026.09.27-13.48.45:164][  0]LogModuleManager: Shutting down and abandoning module GLTFCore (546)
[2026.09.27-13.48.45:164][  0]LogModuleManager: Shutting down and abandoning module InterchangeEditorUtilities (544)
[2026.09.27-13.48.45:164][  0]LogModuleManager: Shutting down and abandoning module InterchangeEditorPipelines (542)
[2026.09.27-13.48.45:165][  0]LogModuleManager: Shutting down and abandoning module InterchangeEditor (540)
[2026.09.27-13.48.45:165][  0]LogModuleManager: Shutting down and abandoning module DynamicMesh (538)
[2026.09.27-13.48.45:165][  0]LogModuleManager: Shutting down and abandoning module GeometryAlgorithms (536)
[2026.09.27-13.48.45:165][  0]LogModuleManager: Shutting down and abandoning module ArchVisCharacter (534)
[2026.09.27-13.48.45:165][  0]LogModuleManager: Shutting down and abandoning module NiagaraEditorWidgets (530)
[2026.09.27-13.48.45:165][  0]LogModuleManager: Shutting down and abandoning module SynthesisEditor (528)
[2026.09.27-13.48.45:165][  0]LogModuleManager: Shutting down and abandoning module ActorLayerUtilitiesEditor (526)
[2026.09.27-13.48.45:165][  0]LogModuleManager: Shutting down and abandoning module ActorLayerUtilities (524)
[2026.09.27-13.48.45:165][  0]LogModuleManager: Shutting down and abandoning module ResonanceAudio (522)
[2026.09.27-13.48.45:166][  0]LogModuleManager: Shutting down and abandoning module ProceduralMeshComponentEditor (520)
[2026.09.27-13.48.45:166][  0]LogModuleManager: Shutting down and abandoning module MobilePatchingUtils (518)
[2026.09.27-13.48.45:166][  0]LogModuleManager: Shutting down and abandoning module ModelingOperatorsEditorOnly (516)
[2026.09.27-13.48.45:166][  0]LogModuleManager: Shutting down and abandoning module ModelingOperators (514)
[2026.09.27-13.48.45:166][  0]LogModuleManager: Shutting down and abandoning module ModelingComponentsEditorOnly (512)
[2026.09.27-13.48.45:166][  0]LogModuleManager: Shutting down and abandoning module ModelingComponents (510)
[2026.09.27-13.48.45:166][  0]LogModuleManager: Shutting down and abandoning module GeometryFramework (509)
[2026.09.27-13.48.45:166][  0]LogModuleManager: Shutting down and abandoning module MeshModelingToolsEditorOnly (506)
[2026.09.27-13.48.45:166][  0]LogModuleManager: Shutting down and abandoning module MeshModelingTools (504)
[2026.09.27-13.48.45:166][  0]LogModuleManager: Shutting down and abandoning module InputDebuggingEditor (502)
[2026.09.27-13.48.45:168][  0]LogModuleManager: Shutting down and abandoning module InputDebugging (500)
[2026.09.27-13.48.45:168][  0]LogModuleManager: Shutting down and abandoning module GeometryCacheTracks (498)
[2026.09.27-13.48.45:168][  0]LogModuleManager: Shutting down and abandoning module GeometryCache (496)
[2026.09.27-13.48.45:168][  0]LogModuleManager: Shutting down and abandoning module GeometryCacheStreamer (494)
[2026.09.27-13.48.45:168][  0]LogModuleManager: Shutting down and abandoning module GeometryCacheSequencer (492)
[2026.09.27-13.48.45:168][  0]LogModuleManager: Shutting down and abandoning module GeometryCacheEd (490)
[2026.09.27-13.48.45:168][  0]LogModuleManager: Shutting down and abandoning module GooglePAD (488)
[2026.09.27-13.48.45:169][  0]LogModuleManager: Shutting down and abandoning module AppleImageUtilsBlueprintSupport (486)
[2026.09.27-13.48.45:169][  0]LogModuleManager: Shutting down and abandoning module AppleImageUtils (484)
[2026.09.27-13.48.45:169][  0]LogModuleManager: Shutting down and abandoning module AssetTags (482)
[2026.09.27-13.48.45:169][  0]LogModuleManager: Shutting down and abandoning module AndroidPermission (480)
[2026.09.27-13.48.45:169][  0]LogModuleManager: Shutting down and abandoning module PaperTiledImporter (478)
[2026.09.27-13.48.45:169][  0]LogModuleManager: Shutting down and abandoning module PaperSpriteSheetImporter (476)
[2026.09.27-13.48.45:169][  0]LogModuleManager: Shutting down and abandoning module Paper2DEditor (474)
[2026.09.27-13.48.45:169][  0]LogModuleManager: Shutting down and abandoning module TraceUtilities (472)
[2026.09.27-13.48.45:170][  0]LogModuleManager: Shutting down and abandoning module MeshPaintingToolset (470)
[2026.09.27-13.48.45:170][  0]LogModuleManager: Shutting down and abandoning module MeshPaintEditorMode (468)
[2026.09.27-13.48.45:170][  0]LogModuleManager: Shutting down and abandoning module InputEditor (466)
[2026.09.27-13.48.45:170][  0]LogModuleManager: Shutting down and abandoning module BlockoutToolsPlugin (464)
[2026.09.27-13.48.45:170][  0]LogModuleManager: Shutting down and abandoning module IKRigDeveloper (462)
[2026.09.27-13.48.45:170][  0]LogModuleManager: Shutting down and abandoning module IKRig (460)
[2026.09.27-13.48.45:171][  0]LogModuleManager: Shutting down and abandoning module ControlRigDeveloper (458)
[2026.09.27-13.48.45:171][  0]LogModuleManager: Shutting down and abandoning module ControlRig (456)
[2026.09.27-13.48.45:171][  0]LogModuleManager: Shutting down and abandoning module Constraints (455)
[2026.09.27-13.48.45:171][  0]LogModuleManager: Shutting down and abandoning module AnimationData (452)
[2026.09.27-13.48.45:171][  0]LogModuleManager: Shutting down and abandoning module UdpMessaging (450)
[2026.09.27-13.48.45:171][  0]LogModuleManager: Shutting down and abandoning module TcpMessaging (448)
[2026.09.27-13.48.45:171][  0]LogModuleManager: Shutting down and abandoning module ActorSequence (446)
[2026.09.27-13.48.45:172][  0]LogModuleManager: Shutting down and abandoning module StructUtils (444)
[2026.09.27-13.48.45:172][  0]LogModuleManager: Shutting down and abandoning module PythonScriptPlugin (442)
[2026.09.27-13.48.45:172][  0]LogModuleManager: Shutting down and abandoning module PBIK (440)
[2026.09.27-13.48.45:172][  0]LogModuleManager: Shutting down and abandoning module FullBodyIK (438)
[2026.09.27-13.48.45:172][  0]LogModuleManager: Shutting down and abandoning module ChaosCachingEditor (436)
[2026.09.27-13.48.45:172][  0]LogModuleManager: Shutting down and abandoning module TakeRecorder (435)
[2026.09.27-13.48.45:172][  0]LogModuleManager: Shutting down and abandoning module ChaosCaching (432)
[2026.09.27-13.48.45:173][  0]LogModuleManager: Shutting down and abandoning module GameplayTagsEditor (430)
[2026.09.27-13.48.45:173][  0]LogModuleManager: Shutting down and abandoning module FacialAnimationEditor (428)
[2026.09.27-13.48.45:173][  0]LogModuleManager: Shutting down and abandoning module FacialAnimation (426)
[2026.09.27-13.48.45:173][  0]LogModuleManager: Shutting down and abandoning module TraceDataFiltering (424)
[2026.09.27-13.48.45:173][  0]LogModuleManager: Shutting down and abandoning module DataValidation (422)
[2026.09.27-13.48.45:174][  0]LogModuleManager: Shutting down and abandoning module AssetManagerEditor (420)
[2026.09.27-13.48.45:174][  0]LogModuleManager: Shutting down and abandoning module TreeMap (419)
[2026.09.27-13.48.45:174][  0]LogModuleManager: Shutting down and abandoning module PropertyAccessNode (416)
[2026.09.27-13.48.45:174][  0]LogModuleManager: Shutting down and abandoning module CustomMeshComponent (414)
[2026.09.27-13.48.45:174][  0]LogModuleManager: Shutting down and abandoning module AnimationSharing (412)
[2026.09.27-13.48.45:174][  0]LogModuleManager: Shutting down and abandoning module InterchangePipelines (410)
[2026.09.27-13.48.45:174][  0]LogModuleManager: Shutting down and abandoning module InterchangeImport (408)
[2026.09.27-13.48.45:174][  0]LogModuleManager: Shutting down and abandoning module InterchangeFactoryNodes (406)
[2026.09.27-13.48.45:174][  0]LogModuleManager: Shutting down and abandoning module InterchangeNodes (404)
[2026.09.27-13.48.45:174][  0]LogModuleManager: Shutting down and abandoning module NiagaraAnimNotifies (402)
[2026.09.27-13.48.45:174][  0]LogModuleManager: Shutting down and abandoning module Niagara (400)
[2026.09.27-13.48.45:175][  0]LogModuleManager: Shutting down and abandoning module NiagaraEditor (399)
[2026.09.27-13.48.45:175][  0]LogModuleManager: Shutting down and abandoning module LevelSequence (398)
[2026.09.27-13.48.45:175][  0]LogModuleManager: Shutting down and abandoning module NiagaraCore (394)
[2026.09.27-13.48.45:175][  0]LogModuleManager: Shutting down and abandoning module Synthesis (392)
[2026.09.27-13.48.45:175][  0]LogModuleManager: Shutting down and abandoning module RigVMDeveloper (390)
[2026.09.27-13.48.45:175][  0]LogModuleManager: Shutting down and abandoning module RigVM (388)
[2026.09.27-13.48.45:175][  0]LogModuleManager: Shutting down and abandoning module SoundFields (386)
[2026.09.27-13.48.45:175][  0]LogModuleManager: Shutting down and abandoning module SignificanceManager (384)
[2026.09.27-13.48.45:176][  0]LogModuleManager: Shutting down and abandoning module PropertyAccessEditor (382)
[2026.09.27-13.48.45:176][  0]LogModuleManager: Shutting down and abandoning module ProceduralMeshComponent (380)
[2026.09.27-13.48.45:176][  0]LogModuleManager: Shutting down and abandoning module MsQuicRuntime (378)
[2026.09.27-13.48.45:176][  0]LogModuleManager: Shutting down and abandoning module MetasoundEditor (376)
[2026.09.27-13.48.45:176][  0]LogModuleManager: Shutting down and abandoning module Settings (375)
[2026.09.27-13.48.45:176][  0]LogModuleManager: Shutting down and abandoning module AudioWidgets (373)
[2026.09.27-13.48.45:177][  0]LogModuleManager: Shutting down and abandoning module AdvancedWidgets (372)
[2026.09.27-13.48.45:177][  0]LogModuleManager: Shutting down and abandoning module MetasoundEngineTest (368)
[2026.09.27-13.48.45:177][  0]LogModuleManager: Shutting down and abandoning module MetasoundEngine (366)
[2026.09.27-13.48.45:177][  0]LogModuleManager: Shutting down and abandoning module WaveTable (365)
[2026.09.27-13.48.45:177][  0]LogModuleManager: Shutting down and abandoning module AudioCodecEngine (363)
[2026.09.27-13.48.45:177][  0]LogModuleManager: Shutting down and abandoning module MetasoundStandardNodes (360)
[2026.09.27-13.48.45:177][  0]LogModuleManager: Shutting down and abandoning module MetasoundFrontend (358)
[2026.09.27-13.48.45:178][  0]LogModuleManager: Shutting down and abandoning module MetasoundGenerator (356)
[2026.09.27-13.48.45:178][  0]LogModuleManager: Shutting down and abandoning module MetasoundGraphCore (354)
[2026.09.27-13.48.45:178][  0]LogModuleManager: Shutting down and abandoning module LocationServicesBPLibrary (352)
[2026.09.27-13.48.45:178][  0]LogModuleManager: Shutting down and abandoning module EnvironmentQueryEditor (350)
[2026.09.27-13.48.45:178][  0]LogModuleManager: Shutting down and abandoning module CableComponent (348)
[2026.09.27-13.48.45:178][  0]LogModuleManager: Shutting down and abandoning module AudioSynesthesia (346)
[2026.09.27-13.48.45:178][  0]LogModuleManager: Shutting down and abandoning module AudioAnalyzer (345)
[2026.09.27-13.48.45:179][  0]LogModuleManager: Shutting down and abandoning module AudioSynesthesiaCore (342)
[2026.09.27-13.48.45:179][  0]LogModuleManager: Shutting down and abandoning module SignalProcessing (341)
[2026.09.27-13.48.45:179][  0]LogModuleManager: Shutting down and abandoning module GameplayCameras (338)
[2026.09.27-13.48.45:179][  0]LogModuleManager: Shutting down and abandoning module Paper2D (336)
[2026.09.27-13.48.45:179][  0]LogModuleManager: Shutting down and abandoning module InputBlueprintNodes (334)
[2026.09.27-13.48.45:179][  0]LogModuleManager: Shutting down and abandoning module BlueprintGraph (333)
[2026.09.27-13.48.45:179][  0]LogModuleManager: Shutting down and abandoning module EnhancedInput (330)
[2026.09.27-13.48.45:180][  0]LogModuleManager: Shutting down and abandoning module AndroidFileServer (328)
[2026.09.27-13.48.45:180][  0]LogModuleManager: Shutting down and abandoning module NetworkReplayStreaming (326)
[2026.09.27-13.48.45:180][  0]LogModuleManager: Shutting down and abandoning module PacketHandler (324)
[2026.09.27-13.48.45:180][  0]LogModuleManager: Shutting down and abandoning module WorldPartitionEditor (322)
[2026.09.27-13.48.45:180][  0]LogModuleManager: Shutting down and abandoning module AnimGraph (320)
[2026.09.27-13.48.45:180][  0]LogModuleManager: Shutting down and abandoning module TimeManagement (318)
[2026.09.27-13.48.45:180][  0]LogModuleManager: Shutting down and abandoning module AnimationDataController (316)
[2026.09.27-13.48.45:181][  0]LogModuleManager: Shutting down and abandoning module ClothingSystemEditor (314)
[2026.09.27-13.48.45:181][  0]LogModuleManager: Shutting down and abandoning module ClothingSystemRuntimeNv (312)
[2026.09.27-13.48.45:181][  0]LogModuleManager: Shutting down and abandoning module MediaAssets (310)
[2026.09.27-13.48.45:181][  0]LogModuleManager: Shutting down and abandoning module Overlay (308)
[2026.09.27-13.48.45:181][  0]LogModuleManager: Shutting down and abandoning module OverlayEditor (307)
[2026.09.27-13.48.45:181][  0]LogModuleManager: Shutting down and abandoning module Blutility (304)
[2026.09.27-13.48.45:181][  0]LogModuleManager: Shutting down and abandoning module LevelEditor (303)
[2026.09.27-13.48.45:182][  0]LogModuleManager: Shutting down and abandoning module PixelInspectorModule (302)
[2026.09.27-13.48.45:182][  0]LogModuleManager: Shutting down and abandoning module CommonMenuExtensions (300)
[2026.09.27-13.48.45:182][  0]LogModuleManager: Shutting down and abandoning module MainFrame (298)
[2026.09.27-13.48.45:182][  0]LogModuleManager: Shutting down and abandoning module HotReload (297)
[2026.09.27-13.48.45:183][  0]LogModuleManager: Shutting down and abandoning module ContentBrowser (293)
[2026.09.27-13.48.45:183][  0]LogModuleManager: Shutting down and abandoning module ToolMenus (292)
[2026.09.27-13.48.45:183][  0]LogModuleManager: Shutting down and abandoning module CollectionManager (290)
[2026.09.27-13.48.45:183][  0]LogModuleManager: Shutting down and abandoning module ContentBrowserData (288)
[2026.09.27-13.48.45:183][  0]LogModuleManager: Shutting down and abandoning module VREditor (284)
[2026.09.27-13.48.45:183][  0]LogModuleManager: Shutting down and abandoning module StringTableEditor (282)
[2026.09.27-13.48.45:183][  0]LogModuleManager: Shutting down and abandoning module GameplayTasksEditor (280)
[2026.09.27-13.48.45:184][  0]LogModuleManager: Shutting down and abandoning module BehaviorTreeEditor (278)
[2026.09.27-13.48.45:184][  0]LogModuleManager: Shutting down and abandoning module FunctionalTesting (276)
[2026.09.27-13.48.45:184][  0]LogModuleManager: Shutting down and abandoning module CollisionAnalyzer (274)
[2026.09.27-13.48.45:184][  0]LogModuleManager: Shutting down and abandoning module WorkspaceMenuStructure (273)
[2026.09.27-13.48.45:184][  0]LogModuleManager: Shutting down and abandoning module ScriptableEditorWidgets (270)
[2026.09.27-13.48.45:184][  0]LogModuleManager: Shutting down and abandoning module UMG (268)
[2026.09.27-13.48.45:184][  0]LogModuleManager: Shutting down and abandoning module UMGEditor (267)
[2026.09.27-13.48.45:184][  0]LogModuleManager: Shutting down and abandoning module EditorStyle (262)
[2026.09.27-13.48.45:185][  0]LogModuleManager: Shutting down and abandoning module SlateReflector (260)
[2026.09.27-13.48.45:185][  0]LogModuleManager: Shutting down and abandoning module Slate (258)
[2026.09.27-13.48.45:185][  0]LogModuleManager: Shutting down and abandoning module SlateCore (256)
[2026.09.27-13.48.45:185][  0]LogModuleManager: Shutting down and abandoning module SubobjectDataInterface (254)
[2026.09.27-13.48.45:185][  0]LogModuleManager: Shutting down and abandoning module LandscapeEditorUtilities (252)
[2026.09.27-13.48.45:185][  0]LogModuleManager: Shutting down and abandoning module UnrealEd (250)
[2026.09.27-13.48.45:185][  0]LogModuleManager: Shutting down and abandoning module MRMesh (248)
[2026.09.27-13.48.45:185][  0]LogModuleManager: Shutting down and abandoning module Messaging (246)
[2026.09.27-13.48.45:185][  0]LogModuleManager: Shutting down and abandoning module SourceCodeAccess (244)
[2026.09.27-13.48.45:187][  0]LogModuleManager: Shutting down and abandoning module HeadMountedDisplay (242)
[2026.09.27-13.48.45:187][  0]LogModuleManager: Shutting down and abandoning module LiveCoding (240)
[2026.09.27-13.48.45:187][  0]LogModuleManager: Shutting down and abandoning module Networking (238)
[2026.09.27-13.48.45:187][  0]LogModuleManager: Shutting down and abandoning module Core (236)
[2026.09.27-13.48.45:187][  0]LogModuleManager: Shutting down and abandoning module AssetDefinition (234)
[2026.09.27-13.48.45:187][  0]LogModuleManager: Shutting down and abandoning module MeshBuilder (232)
[2026.09.27-13.48.45:187][  0]LogModuleManager: Shutting down and abandoning module NaniteBuilder (230)
[2026.09.27-13.48.45:187][  0]LogModuleManager: Shutting down and abandoning module MeshUtilities (228)
[2026.09.27-13.48.45:188][  0]LogModuleManager: Shutting down and abandoning module MeshMergeUtilities (227)
[2026.09.27-13.48.45:188][  0]LogModuleManager: Shutting down and abandoning module StaticMeshDescription (226)
[2026.09.27-13.48.45:188][  0]LogModuleManager: Shutting down and abandoning module GeometryProcessingInterfaces (225)
[2026.09.27-13.48.45:188][  0]LogModuleManager: Shutting down and abandoning module MeshReductionInterface (222)
[2026.09.27-13.48.45:188][  0]LogModuleManager: Shutting down and abandoning module MeshBoneReduction (221)
[2026.09.27-13.48.45:188][  0]LogModuleManager: Shutting down and abandoning module SkeletalMeshReduction (219)
[2026.09.27-13.48.45:188][  0]LogModuleManager: Shutting down and abandoning module ProxyLODMeshReduction (217)
[2026.09.27-13.48.45:189][  0]LogModuleManager: Shutting down and abandoning module QuadricMeshReduction (215)
[2026.09.27-13.48.45:189][  0]LogModuleManager: Shutting down and abandoning module MaterialBaking (211)
[2026.09.27-13.48.45:189][  0]LogModuleManager: Shutting down and abandoning module MovieSceneTools (208)
[2026.09.27-13.48.45:189][  0]LogModuleManager: Shutting down and abandoning module CurveEditor (207)
[2026.09.27-13.48.45:189][  0]LogModuleManager: Shutting down and abandoning module Sequencer (205)
[2026.09.27-13.48.45:189][  0]LogModuleManager: Shutting down and abandoning module KismetCompiler (202)
[2026.09.27-13.48.45:189][  0]LogModuleManager: Shutting down and abandoning module DirectoryWatcher (199)
[2026.09.27-13.48.45:190][  0]LogModuleManager: Shutting down and abandoning module TelemetryUtils (197)
[2026.09.27-13.48.45:190][  0]LogModuleManager: Shutting down and abandoning module NullInstallBundleManager (194)
[2026.09.27-13.48.45:190][  0]LogModuleManager: Shutting down and abandoning module ShaderPreprocessor (192)
[2026.09.27-13.48.45:190][  0]LogModuleManager: Shutting down and abandoning module DerivedDataCache (190)
[2026.09.27-13.48.45:190][  0]LogModuleManager: Shutting down and abandoning module TargetPlatform (188)
[2026.09.27-13.48.45:190][  0]LogModuleManager: Shutting down and abandoning module MetalShaderFormat (187)
[2026.09.27-13.48.45:190][  0]LogModuleManager: Shutting down and abandoning module VulkanShaderFormat (185)
[2026.09.27-13.48.45:190][  0]LogModuleManager: Shutting down and abandoning module ShaderFormatOpenGL (183)
[2026.09.27-13.48.45:191][  0]LogModuleManager: Shutting down and abandoning module ShaderFormatD3D (181)
[2026.09.27-13.48.45:191][  0]LogModuleManager: Shutting down and abandoning module ShaderFormatVectorVM (179)
[2026.09.27-13.48.45:191][  0]LogModuleManager: Shutting down and abandoning module AudioFormatBINK (177)
[2026.09.27-13.48.45:191][  0]LogModuleManager: Shutting down and abandoning module AudioFormatADPCM (175)
[2026.09.27-13.48.45:191][  0]LogModuleManager: Shutting down and abandoning module AudioFormatOGG (173)
[2026.09.27-13.48.45:191][  0]LogModuleManager: Shutting down and abandoning module AudioFormatOPUS (171)
[2026.09.27-13.48.45:191][  0]LogModuleManager: Shutting down and abandoning module WindowsTargetPlatform (169)
[2026.09.27-13.48.45:192][  0]LogModuleManager: Shutting down and abandoning module TVOSTargetPlatform (167)
[2026.09.27-13.48.45:192][  0]LogModuleManager: Shutting down and abandoning module MacTargetPlatform (165)
[2026.09.27-13.48.45:192][  0]LogModuleManager: Shutting down and abandoning module LinuxArm64TargetPlatform (163)
[2026.09.27-13.48.45:192][  0]LogModuleManager: Shutting down and abandoning module LinuxTargetPlatform (161)
[2026.09.27-13.48.45:192][  0]LogModuleManager: Shutting down and abandoning module IOSTargetPlatform (159)
[2026.09.27-13.48.45:192][  0]LogModuleManager: Shutting down and abandoning module AndroidTargetPlatform (157)
[2026.09.27-13.48.45:192][  0]LogModuleManager: Shutting down and abandoning module TextureFormat (155)
[2026.09.27-13.48.45:192][  0]LogModuleManager: Shutting down and abandoning module ImageWrapper (154)
[2026.09.27-13.48.45:192][  0]LogModuleManager: Shutting down and abandoning module TextureFormatOodle (152)
[2026.09.27-13.48.45:192][  0]LogModuleManager: Shutting down and abandoning module TextureFormatUncompressed (150)
[2026.09.27-13.48.45:192][  0]LogModuleManager: Shutting down and abandoning module TextureFormatIntelISPCTexComp (148)
[2026.09.27-13.48.45:192][  0]LogModuleManager: Shutting down and abandoning module TextureFormatETC2 (146)
[2026.09.27-13.48.45:192][  0]LogModuleManager: Shutting down and abandoning module TextureFormatDXT (144)
[2026.09.27-13.48.45:192][  0]LogModuleManager: Shutting down and abandoning module TextureFormatASTC (142)
[2026.09.27-13.48.45:192][  0]LogModuleManager: Shutting down and abandoning module TurnkeySupport (139)
[2026.09.27-13.48.45:192][  0]LogModuleManager: Shutting down and abandoning module NullDrv (136)
[2026.09.27-13.48.45:194][  0]LogModuleManager: Shutting down and abandoning module ChaosSolverEngine (134)
[2026.09.27-13.48.45:194][  0]LogModuleManager: Shutting down and abandoning module FieldSystemEngine (133)
[2026.09.27-13.48.45:194][  0]LogModuleManager: Shutting down and abandoning module Chaos (130)
[2026.09.27-13.48.45:194][  0]LogModuleManager: Shutting down and abandoning module GeometryCore (129)
[2026.09.27-13.48.45:194][  0]LogModuleManager: Shutting down and abandoning module WindowsPlatformFeatures (126)
[2026.09.27-13.48.45:194][  0]LogModuleManager: Shutting down and abandoning module GameplayMediaEncoder (125)
[2026.09.27-13.48.45:194][  0]LogModuleManager: Shutting down and abandoning module AVEncoder (124)
[2026.09.27-13.48.45:194][  0]LogModuleManager: Shutting down and abandoning module WindowsDeviceProfileSelector (120)
[2026.09.27-13.48.45:194][  0]LogModuleManager: Shutting down and abandoning module ACLPlugin (118)
[2026.09.27-13.48.45:195][  0]LogModuleManager: Shutting down and abandoning module VariantManagerContent (116)
[2026.09.27-13.48.45:195][  0]LogModuleManager: Shutting down and abandoning module GLTFExporter (114)
[2026.09.27-13.48.45:195][  0]LogModuleManager: Shutting down and abandoning module DatasmithContent (112)
[2026.09.27-13.48.45:195][  0]LogModuleManager: Shutting down and abandoning module ExrReaderGpu (110)
[2026.09.27-13.48.45:195][  0]LogModuleManager: Shutting down and abandoning module ChaosCloth (108)
[2026.09.27-13.48.45:195][  0]LogModuleManager: Shutting down and abandoning module WmfMedia (106)
[2026.09.27-13.48.45:195][  0]LogModuleManager: Shutting down and abandoning module Media (105)
[2026.09.27-13.48.45:195][  0]LogModuleManager: Shutting down and abandoning module RenderDocPlugin (102)
[2026.09.27-13.48.45:196][  0]LogModuleManager: Shutting down and abandoning module PixWinPlugin (100)
[2026.09.27-13.48.45:196][  0]LogModuleManager: Shutting down and abandoning module OnlineBlueprintSupport (98)
[2026.09.27-13.48.45:196][  0]LogModuleManager: Shutting down and abandoning module OnlineSubsystemUtils (96)
[2026.09.27-13.48.45:196][  0]LogModuleManager: Shutting down and abandoning module OnlineServicesCommonEngineUtils (94)
[2026.09.27-13.48.45:196][  0]LogModuleManager: Shutting down and abandoning module OnlineServicesCommon (92)
[2026.09.27-13.48.45:196][  0]LogModuleManager: Shutting down and abandoning module OnlineServicesInterface (90)
[2026.09.27-13.48.45:196][  0]LogModuleManager: Shutting down and abandoning module LauncherChunkInstaller (88)
[2026.09.27-13.48.45:196][  0]LogModuleManager: Shutting down and abandoning module OnlineSubsystem (86)
[2026.09.27-13.48.45:197][  0]LogModuleManager: Shutting down and abandoning module XMPP (81)
[2026.09.27-13.48.45:197][  0]LogModuleManager: Shutting down and abandoning module WebSockets (80)
[2026.09.27-13.48.45:197][  0]LogModuleManager: Shutting down and abandoning module HTTP (77)
[2026.09.27-13.48.45:197][  0]LogModuleManager: Shutting down and abandoning module SSL (76)
[2026.09.27-13.48.45:197][  0]LogModuleManager: Shutting down and abandoning module EOSShared (72)
[2026.09.27-13.48.45:202][  0]LogEOSSDK: FEOSSDKManager::Shutdown EOS_Shutdown Result=[EOS_Success]
[2026.09.27-13.48.45:202][  0]LogModuleManager: Shutting down and abandoning module NiagaraVertexFactories (70)
[2026.09.27-13.48.45:202][  0]LogModuleManager: Shutting down and abandoning module NiagaraShader (68)
[2026.09.27-13.48.45:202][  0]LogModuleManager: Shutting down and abandoning module ChunkDownloader (66)
[2026.09.27-13.48.45:203][  0]LogModuleManager: Shutting down and abandoning module AISupportModule (64)
[2026.09.27-13.48.45:203][  0]LogModuleManager: Shutting down and abandoning module PythonScriptPluginPreload (62)
[2026.09.27-13.48.45:203][  0]LogModuleManager: Shutting down and abandoning module PlatformCryptoOpenSSL (60)
[2026.09.27-13.48.45:203][  0]LogModuleManager: Shutting down and abandoning module PlatformCryptoTypes (58)
[2026.09.27-13.48.45:203][  0]LogModuleManager: Shutting down and abandoning module PlatformCrypto (56)
[2026.09.27-13.48.45:203][  0]LogModuleManager: Shutting down and abandoning module PlasticSourceControl (54)
[2026.09.27-13.48.45:203][  0]LogModuleManager: Shutting down and abandoning module PerforceSourceControl (52)
[2026.09.27-13.48.45:204][  0]LogModuleManager: Shutting down and abandoning module SourceControl (51)
[2026.09.27-13.48.45:204][  0]LogModuleManager: Shutting down and abandoning module XGEController (48)
[2026.09.27-13.48.45:204][  0]LogModuleManager: Shutting down and abandoning module FastBuildController (46)
[2026.09.27-13.48.45:204][  0]LogModuleManager: Shutting down and abandoning module IoStoreOnDemand (44)
[2026.09.27-13.48.45:204][  0]LogModuleManager: Shutting down and abandoning module AnimationModifiers (42)
[2026.09.27-13.48.45:204][  0]LogModuleManager: Shutting down and abandoning module AudioEditor (40)
[2026.09.27-13.48.45:204][  0]LogModuleManager: Shutting down and abandoning module PropertyEditor (39)
[2026.09.27-13.48.45:205][  0]LogModuleManager: Shutting down and abandoning module Virtualization (36)
[2026.09.27-13.48.45:205][  0]LogModuleManager: Shutting down and abandoning module MessageLog (35)
[2026.09.27-13.48.45:205][  0]LogModuleManager: Shutting down and abandoning module TextureCompressor (32)
[2026.09.27-13.48.45:205][  0]LogModuleManager: Shutting down and abandoning module OpenColorIOWrapper (31)
[2026.09.27-13.48.45:205][  0]LogModuleManager: Shutting down and abandoning module RenderCore (28)
[2026.09.27-13.48.45:205][  0]LogModuleManager: Shutting down and abandoning module Landscape (26)
[2026.09.27-13.48.45:205][  0]LogModuleManager: Shutting down and abandoning module SlateRHIRenderer (24)
[2026.09.27-13.48.45:205][  0]LogModuleManager: Shutting down and abandoning module AnimGraphRuntime (22)
[2026.09.27-13.48.45:206][  0]LogModuleManager: Shutting down and abandoning module Renderer (20)
[2026.09.27-13.48.45:206][  0]LogModuleManager: Shutting down and abandoning module Engine (18)
[2026.09.27-13.48.45:206][  0]LogModuleManager: Shutting down and abandoning module CoreUObject (16)
[2026.09.27-13.48.45:206][  0]LogModuleManager: Shutting down and abandoning module SandboxFile (14)
[2026.09.27-13.48.45:206][  0]LogModuleManager: Shutting down and abandoning module PakFile (12)
[2026.09.27-13.48.45:206][  0]LogPakFile: Destroying PakPlatformFile
[2026.09.27-13.48.45:206][  0]LogModuleManager: Shutting down and abandoning module RSA (11)
[2026.09.27-13.48.45:207][  0]LogModuleManager: Shutting down and abandoning module NetworkFile (8)
[2026.09.27-13.48.45:207][  0]LogModuleManager: Shutting down and abandoning module StreamingFile (6)
[2026.09.27-13.48.45:207][  0]LogModuleManager: Shutting down and abandoning module CookOnTheFly (4)
[2026.09.27-13.48.45:207][  0]LogModuleManager: Shutting down and abandoning module StorageServerClient (2)
[2026.09.27-13.48.45:235][  0]LogExit: Exiting.
[2026.09.27-13.48.45:252][  0]Log file closed, 09/27/26 21:48:45
